社名,本社所在地,設立,転職エージェント数,職業紹介許可番号,紹介事業許可年,ホームページ,注力職種,注力エリア
アイアルマーズ株式会社,〒108-0071 東京都港区白金台3-19-6白金台ビル4階,2006年,4名,登録なし,2014年,http://www.i-arumas.jp/,営業 / 管理・事務 / 建築・土木,関東 / 北海道・東北
株式会社IODキャリア,〒100-0005 東京都千代田区丸の内一丁目8番3号　丸の内トラストタワー本館5階,1998年12月,登録なし,登録なし,平成21年05月01,https://www.iod-career.co.jp/,営業 / 医療・福祉 / WEB・インターネット・ゲーム / ITエンジニア / 電気・電子・機械・半導体 / 医薬・食品・化学・素材,関東 / 関西 / 東海
株式会社アイコニックジャパン,〒104-0041 東京都中央区新富２丁目４番５号 ニュー新富ビル４F 東京メトロ新富町駅　徒歩1分,平成24年4月,登録なし,登録なし,平成24年,https://iconicjob.jp/,営業 / 企画・経営 / 管理・事務 / コンサルタント・金融・不動産専門職 / ITエンジニア,登録なし
合同会社IJT,〒232-0071 神奈川県横浜市南区永田北3―28,2017年8月,5名,登録なし,2017年11月,https://www.kaigo-village.com/,医療・福祉,関東
株式会社アイソリューション,〒103-0014 東京都中央区日本橋蛎殻町１－１８－２ 中野オイスタービル５F,2013年4月,登録なし,登録なし,2014年,http://isolution.co.jp/,建築・土木 / 営業 / 企画・経営 / 管理・事務 / 販売・フード・アミューズメント / 医療・福祉 / コンサルタント・金融・不動産専門職 / 技能工・設備・倉庫・農林水産・他,関東 / 関西 / 東海
株式会社アイティジェイ（EXA Bridge）,〒110-0015 東京都台東区東上野5-1-8 上野富士ビル3F,1995年4月20日,登録なし,登録なし,2013年5月1日,http://exa-bridge.com/,企画・経営 / 営業 / 管理・事務 / 販売・フード・アミューズメント / コンサルタント・金融・不動産専門職 / WEB・インターネット・ゲーム / ITエンジニア,関東 / 関西 / 東海 / 九州
株式会社アイデム,〒160-0022 東京都新宿区新宿1-4-10　アイデム本社ビル,1971年2月,30名,登録なし,2010年7月,http://smartagent.jp,営業,登録なし
株式会社アイデム　キャリアエージェント西日本,〒550-0005 大阪府大阪市西区西本町1-13-43 アイデム西本町ビル,1971年2月,10名,登録なし,2010年7月1日,http://smartagent.jp,営業 / 企画・経営 / 管理・事務 / 販売・フード・アミューズメント / 保育・教育・通訳 / コンサルタント・金融・不動産専門職 / クリエイティブ / WEB・インターネット・ゲーム / ITエンジニア,関西
株式会社アイデンティティー,〒150-0036 東京都渋谷区南平台町15-13　帝都渋谷ビル8階,2008年8月,8名,登録なし,2012年,http://id-entity.jp,ITエンジニア / クリエイティブ / WEB・インターネット・ゲーム,関東
株式会社アイ・ヒューマンサーチ,〒103-0022 東京都中央区日本橋室町４−６−２ 菱華ビル7階,2007年1月,登録なし,登録なし,２００７年,http://www.i-humans.co.jp/,管理・事務 / 営業 / ITエンジニア,登録なし
IPCM株式会社,〒130-0021 東京都墨田区緑1-2-10,平成24年11月1日,登録なし,登録なし,平成29年3月1日,登録なし,営業 / 管理・事務 / 販売・フード・アミューズメント / 美容・ホテル・ブライダル・交通 / WEB・インターネット・ゲーム / ITエンジニア,関東
株式会社アカネエージェンシー,〒110-0015 東京都台東区東上野2-1-13 東上野センタービル3階,昭和53年12月26日,2名,登録なし,平成29年6月1日,http://www.akane.co.jp,ITエンジニア / 営業 / 企画・経営 / 管理・事務 / 販売・フード・アミューズメント / 美容・ホテル・ブライダル・交通 / 医療・福祉 / クリエイティブ / WEB・インターネット・ゲーム / 建築・土木 / 医薬・食品・化学・素材 / 技能工・設備・倉庫・農林水産・他,関東 / 北海道・東北 / 東海
アクシードキャリア株式会社,〒102-0093 東京都千代田区平河町1丁目6番15号USビル6階,2017年6月,登録なし,登録なし,2017年10月,登録なし,営業 / 企画・経営 / 管理・事務,登録なし
株式会社アクセス２２,〒540-0026 大阪府大阪市中央区内本町１丁目３‐６　アティックビル３階,1990年11月2日,4名,登録なし,平成13年06月01,http://www.access22.co.jp/,建築・土木,関西 / 北海道・東北 / 北信越 / 関東 / 東海 / 中国・四国 / 九州
株式会社アクティブアンドカンパニー,〒102-0074 東京都千代田区九段南3-8-11 飛栄九段ビル5階,2006年1月5日,登録なし,登録なし,2006年,http://www.aand.co.jp/,営業 / 企画・経営 / 管理・事務 / 保育・教育・通訳 / コンサルタント・金融・不動産専門職 / クリエイティブ / WEB・インターネット・ゲーム / ITエンジニア,関東 / 関西 / 東海 / 九州
株式会社アクト・テクニカルサポート,〒107-0052 東京都港区赤坂4-1-33 赤坂中西ビル5F,1989年4月1日,3名,登録なし,1999年,http://www.act.co.jp/,建築・土木,関東
株式会社アスカナ・コンサルティング,〒104-0061 東京都中央区銀座7丁目13番6号 サガミビル2F,2015年7月,登録なし,登録なし,2016年5月,http://asukana.co.jp/,企画・経営 / 営業 / 管理・事務 / 美容・ホテル・ブライダル・交通 / 保育・教育・通訳 / コンサルタント・金融・不動産専門職 / クリエイティブ / WEB・インターネット・ゲーム / ITエンジニア / 電気・電子・機械・半導体 / 医薬・食品・化学・素材 / 公共サービス,関東 / 北海道・東北 / 北信越 / 関西 / 東海 / 中国・四国 / 九州
アスキャリア【株式会社doubLe運営】,〒160-0023 東京都新宿区西新宿1-22-15 グラフィオ西新宿13Ｆ,2008年1月11日,1名,登録なし,平成24年12月1日,http://asu-career.jp/,営業,関東
アソート株式会社,〒530-0001 大阪府大阪市北区梅田1-2-2 大阪駅前第2ビル4階,平成9年4月,5名,登録なし,平成9年11月1日,http://www.assort.co.jp,医薬・食品・化学・素材 / 営業 / 企画・経営 / 電気・電子・機械・半導体,関西 / 関東 / 東海
株式会社あっぱれ,〒980-0803 宮城県仙台市青葉区国分町1丁目8-13　仙台協立第１ビル3階,2014年8月,登録なし,登録なし,2014年年11月,http://www.appare-japan.com,営業 / 企画・経営 / 管理・事務 / 販売・フード・アミューズメント / 電気・電子・機械・半導体,北海道・東北 / 関東 / 中国・四国
株式会社アップグレイド,〒101-0038 東京都千代田区神田美倉町10　喜助新神田ビル5F,2015年11月16日,6名,登録なし,2016年,http://www.upgrade1.co.jp,営業 / 企画・経営 / 管理・事務 / 販売・フード・アミューズメント / 医療・福祉 / 保育・教育・通訳 / コンサルタント・金融・不動産専門職 / WEB・インターネット・ゲーム / ITエンジニア / 電気・電子・機械・半導体 / 医薬・食品・化学・素材,【国内】 関東 / 北海道・東北 / 関西 / 東海 / 九州 【海外】 アメリカ・カナダ / ヨーロッパ
株式会社アドバハンティングサービス,〒460-0008 愛知県名古屋市中区栄3-14-7　RICCO栄 8階  【東京支社】 東京都新宿区西新宿1-26-2　新宿野村ビル11F,2016年7月,登録なし,登録なし,平成28年7月1日,http://www.adva-hs.jp,営業 / 管理・事務 / 販売・フード・アミューズメント / 医療・福祉 / 保育・教育・通訳 / ITエンジニア / 電気・電子・機械・半導体 / 建築・土木 / 技能工・設備・倉庫・農林水産・他,東海 / 北信越 / 関東
アドメイク株式会社,〒150-0002 東京都渋谷区渋谷2-12-15 日本薬学会長井記念館6F 各線渋谷駅から徒歩7分 ※ヒカリエ方面から出ていただくとスムーズに到着します,2008年5月8日,7名,登録なし,2016年,http://www.e-tenki.co.jp/,営業 / 企画・経営 / 管理・事務 / 販売・フード・アミューズメント / WEB・インターネット・ゲーム,関東 / 関西 / 東海
アニコム フロンティア株式会社,〒160-0023 東京都新宿区西新宿8-17-1 住友不動産新宿グランドタワー39階,2005年2月25日,3名,登録なし,2015年,http://www.anicom-frontier.com/,医療・福祉 / クリエイティブ / ITエンジニア / 医薬・食品・化学・素材,北海道・東北 / 北信越 / 関東 / 関西 / 東海 / 中国・四国 / 九州
株式会社アプリキュアケアクルー,〒160-0022 東京都新宿区新宿2-5-12 FORECAST 新宿AVENUE 4F432,2017年3月,4名,登録なし,2017年6月,http://curecare.a-dive.style/,医療・福祉,【国内】 関東 【海外】 その他海外
株式会社アムスコーポレーション,〒182-0024 東京都調布市布田1-44-3タカハシビル3階,1992年11月11日,2名,登録なし,2005年,https://www.ams-corp.co.jp/index.html,ITエンジニア / 管理・事務 / WEB・インターネット・ゲーム / 電気・電子・機械・半導体,関東
株式会社アモルデイジ,〒104-0045 東京都中央区築地1-9-2　イセツネビル６階,2006年1月4日,9名,登録なし,2006年7月1日,http://www.amoldage.co.jp/index.html,管理・事務 / コンサルタント・金融・不動産専門職 / 電気・電子・機械・半導体 / 医薬・食品・化学・素材,関東 / 関西
株式会社アルバイトタイムス,〒101-0043 東京都千代田区神田富山町５－１ 神田ビジネスキューブ,1973年10月29日,12名,登録なし,２０１２年,http://www.atimes.co.jp/,営業 / 管理・事務 / 販売・フード・アミューズメント / コンサルタント・金融・不動産専門職 / クリエイティブ / WEB・インターネット・ゲーム / ITエンジニア / 建築・土木,【国内】 東海 【海外】 その他アジア
株式会社アルファテック,〒105-0004 東京都港区新橋3丁目6-14　文銭堂ビル4F,2006年9月5日,10名,登録なし,2008年9月,http://alphatec-co.com/,営業 / 管理・事務 / 医療・福祉 / 保育・教育・通訳,登録なし
株式会社アルファ・リンク,〒101-0023 東京都千代田区神田松永町17-15,1991年11月28日,5名,登録なし,2011年10月,http://www.a-link.co.jp/jinzai/index2.html,管理・事務 / 営業 / 企画・経営 / 販売・フード・アミューズメント / コンサルタント・金融・不動産専門職 / 電気・電子・機械・半導体 / 建築・土木,北海道・東北 / 北信越 / 関東 / 関西 / 東海 / 中国・四国 / 九州
株式会社アロンジ,〒530-0044 大阪府大阪市北区東天満2-6-7 南森町東一号館9階,2016年11月24日,3名,登録なし,2017年,http://allonsy.co.jp/,営業 / 販売・フード・アミューズメント / 美容・ホテル・ブライダル・交通 / クリエイティブ / WEB・インターネット・ゲーム,関西 / 関東 / 東海
株式会社アンゼロ,〒104-0028 東京都中央区八重洲 2-10-8 八重洲ビル7階,2009年8月10日,8名,登録なし,2010年,http://www.unzero.co.jp/,営業 / 企画・経営 / 管理・事務 / コンサルタント・金融・不動産専門職 / ITエンジニア / 建築・土木 / 技能工・設備・倉庫・農林水産・他,【国内】 関東 / 関西 【海外】 中国 / 香港 / シンガポール / ヨーロッパ
株式会社アヴァンティスタッフ,〒103-0026 東京都中央区日本橋兜町6-7　ヒューリック兜町ビル,1984年9月,3名,登録なし,平成09年06月01,http://www.avantistaff.com/,営業 / 企画・経営 / 管理・事務 / 電気・電子・機械・半導体,【国内】 関西 【海外】 中国 / シンガポール
株式会社アートマネージメント,〒550-0011 大阪府大阪市西区阿波座1-14-4 サインカンパニービル202,2017年2月,2名,登録なし,2017年,登録なし,営業 / 企画・経営 / 販売・フード・アミューズメント / コンサルタント・金融・不動産専門職 / クリエイティブ / WEB・インターネット・ゲーム / ITエンジニア,関西 / 関東
RGF HR Agent Japan　（シーディエスアイ株式会社）,〒150-0012 東京都渋谷区広尾1-13-7 恵比寿イーストビル2F,2011年4月,89名,登録なし,1998年,http://www.rgf-hragent.asia/japan,登録なし,登録なし
株式会社アールストーン,〒171-0021 東京都豊島区西池袋2-41-8,2007年10月23日,32名,登録なし,平成20年07月,https://www.rstone-jp.com/,WEB・インターネット・ゲーム / クリエイティブ / ITエンジニア,関東
株式会社RD SUPPORT ｜食・化粧品・健康業界専門の転職エージェント,〒101-0052 東京都千代田区神田小川町1-1-15 D&F御茶ノ水ビル5階,1998年12月11日,11名,登録なし,2002年10月,http://www.rdsupport-tenshoku.jp/,医薬・食品・化学・素材 / 営業 / 企画・経営 / 管理・事務 / 医療・福祉,北海道・東北 / 北信越 / 関東 / 関西 / 東海 / 中国・四国 / 九州
株式会社R4CAREER,〒460-0008 愛知県名古屋市中区栄2-9-26ポーラ名古屋ビル3階,2009年4月21日,7名,登録なし,2009年7月,http://www.r4career.co.jp/,営業 / 企画・経営 / 管理・事務 / クリエイティブ / WEB・インターネット・ゲーム / ITエンジニア / 電気・電子・機械・半導体 / 建築・土木 / 医薬・食品・化学・素材,東海
株式会社イグニスブレイン,〒981-3203 宮城県仙台市泉区高森2-1-40 21世紀プラザ研究センター3F,2017年4月27日,2名,登録なし,2017年,http://ignis-brain.co.jp,電気・電子・機械・半導体 / 営業 / 企画・経営 / 管理・事務 / 販売・フード・アミューズメント / 美容・ホテル・ブライダル・交通 / 医療・福祉 / 保育・教育・通訳 / コンサルタント・金融・不動産専門職 / クリエイティブ / WEB・インターネット・ゲーム / ITエンジニア / 建築・土木 / 医薬・食品・化学・素材 / 技能工・設備・倉庫・農林水産・他 / 公共サービス,北海道・東北 / 北信越 / 関東 / 関西 / 東海 / 中国・四国 / 九州
株式会社イマジカデジタルスケープ,〒150-0043 東京都渋谷区道玄坂1-10-8　渋谷道玄坂東急ビル8Ｆ,1995年10月4日,登録なし,登録なし,1999年,http://www.dsp.co.jp/,クリエイティブ / WEB・インターネット・ゲーム / ITエンジニア,登録なし
株式会社イマジカデジタルスケープ大阪支店,〒150-0043 東京都渋谷区道玄坂1-10-8　渋谷野村ビル８階,1995年10月4日,登録なし,登録なし,1999年,http://www.dsp.co.jp,コンサルタント・金融・不動産専門職 / WEB・インターネット・ゲーム,登録なし
株式会社イン・ザ・ゾーン,〒103-0016 東京都中央区日本橋小網町8-2 BIZMARKS 日本橋茅場町8F,2017年5月26日,登録なし,登録なし,2017年,http://www.inthezone.co.jp,営業 / 管理・事務 / 保育・教育・通訳,関東
インター株式会社,〒106-0031 東京都港区西麻布一丁目11番6号　ホテル＆レジデンス六本木,平成26年12月,登録なし,登録なし,平成27年06月01,登録なし,営業 / 企画・経営 / 管理・事務 / 保育・教育・通訳 / コンサルタント・金融・不動産専門職 / クリエイティブ / WEB・インターネット・ゲーム / ITエンジニア,【国内】 関東 / 関西 【海外】 中国 / 韓国 / 香港 / シンガポール / その他アジア / オーストラリア / アメリカ・カナダ / ヨーロッパ
株式会社インタースクエア,〒530-0051 大阪府大阪市北区太融寺町5-13 東梅田パークビル4階,平成8年2月15日,11名,登録なし,2005年,https://www.intersquare.co.jp/,営業 / 医療・福祉 / 保育・教育・通訳 / 医薬・食品・化学・素材,関西
株式会社インターブリッジ,〒104-0032 東京都中央区八丁堀３－３－１　アーバネックス八丁堀５０３,２００７年１０月２日,登録なし,登録なし,２００８年１月,http://www.interbridge.jp/,企画・経営 / WEB・インターネット・ゲーム / 営業 / 管理・事務,登録なし
株式会社インターワークス,〒105-0003 東京都港区西新橋1-6-21　NBF虎ノ門ビル8階,1991年3月,153名,登録なし,2007年,http://www.i-am.jp/,電気・電子・機械・半導体 / 営業 / 企画・経営 / 管理・事務 / 販売・フード・アミューズメント / コンサルタント・金融・不動産専門職 / クリエイティブ / WEB・インターネット・ゲーム / ITエンジニア,関東 / 関西
株式会社インフィニティー,〒460-0003 愛知県名古屋市中区錦1-17-13　名興ビル5F,2002年,6名,登録なし,2002年,http://www.in-fy.com/,営業 / 企画・経営 / 管理・事務 / ITエンジニア / 電気・電子・機械・半導体 / 建築・土木,東海
株式会社インフォメーション・リサーチ研究所,〒550-0004 大阪府大阪市西区靭本町１－５－１５　第二富士ビル４Ｆ,１９９５年,2名,登録なし,１９９５年,http://www.e-iri.jp/,管理・事務 / 営業 / 企画・経営 / 医療・福祉 / ITエンジニア / 電気・電子・機械・半導体 / 建築・土木 / 医薬・食品・化学・素材,関西 / 関東
株式会社ウィズ,〒153-0064 東京都目黒区下目黒1-8-1 アルコタワー4F,1989年12月,10名,登録なし,2009年3月1日,https://www.kentakun.co.jp/,営業 / 管理・事務,登録なし
株式会社ウインネット,〒160-0022 東京都新宿区新宿３−３−１　龍王堂ビル６階,2001年12月14日,5名,登録なし,２００４年９月,http://www.winnet.jp,クリエイティブ / 医薬・食品・化学・素材,関東
ウェブスタッフ株式会社,〒150-0031 東京都渋谷区桜丘町20-1渋谷インフォスタワー5F,1998年10月,10名,登録なし,2002年3月,https://www.webstaff.jp/,WEB・インターネット・ゲーム / クリエイティブ / ITエンジニア,関西
ウェルソル株式会社,〒151-0053 東京都渋谷区代々木2-23-1 ニューステイトメナー372号室,2014/12/1,3名,登録なし,2014/12/1,http://well-solu.co.jp/,医療・福祉 / 営業 / 企画・経営 / 管理・事務 / クリエイティブ / WEB・インターネット・ゲーム / ITエンジニア,関東 / 関西
ヴォケイション・コンサルティング株式会社,〒100-0014 東京都千代田区永田町2-17-17-7F,2013年10月,4名,登録なし,2014年,http://vc-corp.net/,営業 / 管理・事務 / 美容・ホテル・ブライダル・交通 / コンサルタント・金融・不動産専門職 / WEB・インターネット・ゲーム / ITエンジニア / 建築・土木,関東 / 関西 / 東海
H＆innovation株式会社,〒104-0061 東京都中央区銀座8-17-5 アイオス銀座,2012年4月17日,1名,登録なし,2013年3月1日,http://www.h-innovation.com,営業 / 企画・経営 / 管理・事務 / WEB・インターネット・ゲーム / ITエンジニア,登録なし
HRイニシアティブ合同会社,〒980-0811 宮城県仙台市青葉区一番町２−９−２８−２１０６,2017年８月２日,登録なし,登録なし,2017年11月,https://www.hr-ini.com/,登録なし,【国内】 北海道・東北 / 関東 【海外】 その他アジア / その他海外
株式会社エイチワンコンサルティング,〒162-0066 東京都新宿区市谷台町6-2リッチライフ市谷台町ビル4F,1998年,2名,登録なし,1998年,http://www.h-one.co.jp/,ITエンジニア / 営業 / 企画・経営 / 管理・事務 / 医療・福祉 / コンサルタント・金融・不動産専門職 / WEB・インターネット・ゲーム,【国内】 関東 / 北海道・東北 / 北信越 / 関西 / 東海 / 中国・四国 / 九州 【海外】 中国 / 韓国 / シンガポール / その他アジア
株式会社エイドウィズ,〒101-0027 東京都千代田区神田平河町1番地 第3東ビル 3階 308号,2002年,2名,登録なし,2002,http://www.aidwiz.co.jp/,登録なし,登録なし
株式会社hape,〒150-0002 東京都渋谷区渋谷1-12-2　クロスオフィス渋谷5階,2013年11月,11名,登録なし,2014年5月1日,https://hape.co.jp/,営業 / 企画・経営,関東
株式会社エキスパートスタッフ【東京本社】,〒104-0061 東京都中央区銀座1-8-16 銀座アスタービル6F,昭和62年10月,2名,登録なし,1998年,http://www.expertstaff.co.jp/,クリエイティブ / 管理・事務 / WEB・インターネット・ゲーム / ITエンジニア,関東 / 関西
株式会社エスアイイー,〒101-0023 東京都千代田区神田松永町18ビオレ秋葉原３階,2004年6月1日,3名,登録なし,2009年8月1日,http://www.ssie.jp,営業 / WEB・インターネット・ゲーム,登録なし
株式会社エスキャリア,〒151-0053 東京都渋谷区代々木1-55-4　ヤマカドビル501,2011年11月,登録なし,登録なし,2016年2月,http://escareer.co.jp/,営業 / 管理・事務,関東
SBSスタッフ株式会社,〒130-0012 東京都墨田区太平四丁目1番３号　オリナスタワー10F,平成9年6月,登録なし,登録なし,平成29年3月,http://www.sbs-staff.co.jp/,営業 / 企画・経営 / 管理・事務 / 販売・フード・アミューズメント / 美容・ホテル・ブライダル・交通 / WEB・インターネット・ゲーム / ITエンジニア / 建築・土木 / 技能工・設備・倉庫・農林水産・他,関東
ＮＯＣアウトソーシング＆コンサルティング株式会社,〒135-0047 東京都江東区富岡1-13-6 NOCビル TEL：03-5646-2130（代表）,1965年9月,3名,登録なし,2012年4月1日,https://www.noc-net.co.jp/,クリエイティブ / WEB・インターネット・ゲーム,関東
NYI Inc.（株式会社エヌワイアイ）,〒550-0014 大阪府大阪市西区北堀江2-4-14　ミッドスクエア堀江　5F,2014年11月21日,3名,登録なし,2015年12月,http://nyi.jp/,販売・フード・アミューズメント / 営業 / 美容・ホテル・ブライダル・交通,関東 / 関西 / 東海 / 中国・四国
株式会社エバーコンサルティング,〒103-0027 東京都中央区日本橋3-5-12　ニュー八重洲ビル6階,2012年8月13日,登録なし,登録なし,2012年8月,http://ever-consul.co.jp/index.html,営業 / 管理・事務 / WEB・インターネット・ゲーム / ITエンジニア,【国内】 関東 / 北海道・東北 / 北信越 / 関西 / 東海 / 中国・四国 / 九州 【海外】 中国 / 韓国 / 香港 / シンガポール / その他アジア
株式会社エボルバビジネスサポート,〒104-0031 東京都中央区京橋2-5-18 京橋創生館5F,2011年7月29日,3名,登録なし,2010年10月1日,http://www.evolva-bs.co.jp/,管理・事務 / 営業 / 企画・経営,関東 / 関西 / 東海
株式会社エム・アイ・エル,〒101-0051 東京都千代田区神田神保町3−2−5　九段ロイヤルビル　6階,1998年9月,6名,登録なし,1998年,登録なし,管理・事務,登録なし
株式会社MS-Japan,〒102-0071 東京都千代田区富士見2-10-2 飯田橋グラン・ブルーム4F,1990年4月,126名,登録なし,1995年,https://tracker.adplan7.com/wa/c/r/p?md=3437&cp=31810&agr=8106782&ad=4269609,管理・事務 / 企画・経営 / コンサルタント・金融・不動産専門職,関東 / 関西 / 東海
株式会社エントラスト,〒170-0013 東京都豊島区東池袋4-21-1　アウルタワー614号,2006年9月20日,登録なし,登録なし,2006年,http://www.en-trust.co.jp,コンサルタント・金融・不動産専門職,登録なし
株式会社エンなび,〒107-0061 東京都港区北青山2-7-26 Landwork青山ビル2F・4F  (受付は2階になります),2013年4月,4名,登録なし,2017年2月,http://en-navi.co.jp/,営業 / 企画・経営 / 美容・ホテル・ブライダル・交通 / 医療・福祉 / コンサルタント・金融・不動産専門職 / WEB・インターネット・ゲーム / 公共サービス,北海道・東北 / 北信越 / 関東 / 関西 / 東海 / 中国・四国 / 九州
株式会社Ａキャリア,〒171-0022 東京都豊島区南池袋2-41-12　池袋セントラル201,2012年12月1日,登録なし,登録なし,2012年12月1日,登録なし,管理・事務 / コンサルタント・金融・不動産専門職 / ITエンジニア,【国内】 関東 / 北海道・東北 / 北信越 / 中国・四国 【海外】 中国 / その他アジア
株式会社ACR,〒810-0004 福岡県福岡市中央区渡辺通4-10-10 紙与天神ビル2F,昭和42年1月16日,登録なし,登録なし,昭和45年,http://www.acr.gr.jp/?mode=pc,登録なし,九州
株式会社エージェントキューブ,〒107-0052 東京都港区赤坂3-18-2　第1三州ビル 3階,2013年1月17日,8名,登録なし,2013年,http://www.agent3.co.jp/,営業,登録なし
株式会社Ａ・ヒューマン,〒108-0014 東京都港区芝5-33-7 徳栄ビル本館7F,2000年11月1日,35名,登録なし,2001年,https://a-human.net/,営業 / 企画・経営 / 管理・事務 / 販売・フード・アミューズメント / 美容・ホテル・ブライダル・交通 / 医療・福祉 / 保育・教育・通訳 / コンサルタント・金融・不動産専門職 / クリエイティブ / WEB・インターネット・ゲーム / ITエンジニア / 電気・電子・機械・半導体 / 建築・土木 / 医薬・食品・化学・素材 / 技能工・設備・倉庫・農林水産・他 / 公共サービス,【国内】 関東 / 北海道・東北 / 北信越 / 関西 / 東海 / 中国・四国 / 九州 【海外】 中国 / 韓国 / 香港 / シンガポール / その他アジア / オーストラリア / アメリカ・カナダ / メキシコ・ブラジル / ヨーロッパ / その他海外
株式会社APパートナーズ,〒169-0075 東京都新宿区高田馬場3-12-2　高田馬場OCビル,2012年６月１日,登録なし,登録なし,平成１７年１２月１日,https://gritgroup.co.jp/,営業 / 企画・経営 / 管理・事務 / 販売・フード・アミューズメント / 美容・ホテル・ブライダル・交通 / 医療・福祉 / 保育・教育・通訳 / コンサルタント・金融・不動産専門職 / クリエイティブ / WEB・インターネット・ゲーム / ITエンジニア / 電気・電子・機械・半導体 / 建築・土木 / 医薬・食品・化学・素材 / 技能工・設備・倉庫・農林水産・他 / 公共サービス,関東 / 関西
株式会社A・プレースメント,〒104-0032 東京都中央区八丁堀4-10-11　ネオ神谷ビル5F,2017年4月,1名,登録なし,2017年7月,https://a-placement.co.jp/,医療・福祉 / 販売・フード・アミューズメント / 美容・ホテル・ブライダル・交通 / 保育・教育・通訳 / 公共サービス,関東 / 北海道・東北 / 北信越 / 関西 / 東海 / 九州
大原キャリアスタッフ (株式会社大原ライセンスサポート),〒532-0011 大阪府大阪市淀川区西中島３−６−９　大原法律公務員専門学校大阪校,1984年,5名,登録なし,２０００年,http://www.o-hara-cs.com/,管理・事務,関西
岡三ビジネスサービス株式会社,〒103-0023 東京都中央区日本橋本町4-11-5　住友不動産日本橋本町ビル5F,1996年3月1日,登録なし,登録なし,2002年,http://www.obs-okasan.co.jp/,営業 / 管理・事務,登録なし
株式会社オズペック,〒105-0013 東京都港区浜松町1−29−10 東京ラインビル3階,2005年7月29日,14名,登録なし,2005年,http://www.ospec.co.jp/,建築・土木,関東
株式会社オフ企画　キャリアス人材センター,〒540-0012 大阪府大阪市中央区谷町５丁目６−９,1982年４月,4名,登録なし,2001年11月,http://careers-j.com/access,管理・事務 / 建築・土木,登録なし
株式会社オリガミ・キャリアデザイン,〒7700012 徳島県徳島市北佐古２番町３−３２,２０１５年,3名,登録なし,２０１６年４月,登録なし,営業 / 管理・事務 / ITエンジニア,関西 / 中国・四国
オンウェーブ株式会社,〒101-0021 東京都千代田区外神田1-18-13 秋葉原ダイビル904,2005年6月,4名,登録なし,平成20年,http://www.on-wave.jp/,ITエンジニア / 医薬・食品・化学・素材,北海道・東北 / 北信越 / 関東 / 関西 / 東海 / 中国・四国 / 九州
オーキッド・アジア・ストラテジック・コンサルタンシー株式会社,〒181-0013 東京都三鷹市下連雀下連雀3-27-1三協ビル3階,2002年6月,1名,登録なし,2004年10月1日,登録なし,企画・経営 / 営業 / 管理・事務 / コンサルタント・金融・不動産専門職,関東 / 関西
株式会社OK４U,〒730-0013 広島県広島市中区八丁堀12-10-1203,１９９６年３月１５日,2名,登録なし,２００８年,http://www.ok4u.jp,管理・事務 / 営業 / 企画・経営 / 保育・教育・通訳 / コンサルタント・金融・不動産専門職 / クリエイティブ / WEB・インターネット・ゲーム / ITエンジニア / 電気・電子・機械・半導体 / 建築・土木 / 医薬・食品・化学・素材,【国内】 中国・四国 / 関東 / 九州 【海外】 香港 / その他アジア
株式会社オーブ,〒530-0001 大阪府大阪市北区梅田1-11-4 大阪駅前第4ビル　16F,２００９年６月,登録なし,登録なし,2009年,http://aube-osaka.com,営業 / 管理・事務 / 医療・福祉 / 建築・土木,登録なし
カズワールド株式会社,〒227-0062 神奈川県横浜市青葉区あざみ野3-28-8,1999年8月,8名,登録なし,2007年11月,http://www.kaz-world-medical.com./,医薬・食品・化学・素材 / 営業 / 企画・経営 / 管理・事務 / 医療・福祉 / コンサルタント・金融・不動産専門職 / クリエイティブ / ITエンジニア,【国内】 関東 / 北海道・東北 / 北信越 / 関西 / 東海 / 中国・四国 / 九州 【海外】 香港 / シンガポール / その他アジア / アメリカ・カナダ / ヨーロッパ
株式会社エブリィワークス・エンジニアード,〒460-0002 愛知県名古屋市中区丸の内3-19-23　5thFPSビル7階,2007年6月27日,2名,登録なし,2012年4月1日,www.everyworks.jp,電気・電子・機械・半導体 / ITエンジニア,東海 / 関東
株式会社エスプリ,〒231-0023 神奈川県横浜市中区山下町24-8 8F,2017/12,登録なし,登録なし,2017/12,登録なし,ITエンジニア / 営業 / 企画・経営 / 電気・電子・機械・半導体 / 医薬・食品・化学・素材,関東
株式会社カムテイ,〒550-0003 大阪府大阪市西区京町堀1-4-16　センチュリビル4F,1998年7月,3名,登録なし,平成13年03月,http://www.kamty.co.jp/,営業 / 管理・事務 / クリエイティブ / WEB・インターネット・ゲーム / 電気・電子・機械・半導体,関西
株式会社かんでんジョイナス,〒530-0001 大阪府大阪市北区梅田３丁目 ３番１０号 梅田ダイビル７階,平成10年10月28日,7名,登録なし,平成１４年,https://www.kanden-jns.co.jp/,管理・事務 / 電気・電子・機械・半導体 / 技能工・設備・倉庫・農林水産・他,関西
株式会社絆コーポレーション,〒950-0983 新潟県新潟市中央区神道寺2-1-1,平成22年10月5日,2名,登録なし,平成24年1月1日,http://www.kizuna-corp.com/,登録なし,登録なし
キャプラン株式会社（PASONA GROUP）,〒100-8228 東京都千代田区大手町2-6-2,1982年1月,6名,登録なし,平成10年10月01,http://www.caplan.jp/corp/location/osaka.html,医療・福祉,関西
株式会社キャリア,〒163-0240 東京都新宿区西新宿2-6-1　新宿住友ビル40階C,2009年4月28日,登録なし,登録なし,2009年11月,http://www.careergift.co.jp/,建築・土木,関東
キャリアエージェンシー株式会社,〒150-0002 東京都渋谷区渋谷3-12-22　渋谷プレステージビル2階,2009年9月11日,10名,登録なし,2009年,http://www.career-agency.jp,営業 / 管理・事務 / 販売・フード・アミューズメント / コンサルタント・金融・不動産専門職,関東 / 関西 / 東海
株式会社キャリア経営パートナーズ,〒540-0029 大阪府大阪市中央区本町橋2-23 第7松屋ビル 827号室,2014年11月19日,2名,登録なし,2015年2月,http://career-kp.co.jp,営業,関東 / 関西
キャリアスタート株式会社,〒105-0003 東京都港区西新橋1-15-6 内幸町企画ビル8階,2012年4月,登録なし,登録なし,平成24年9月1日,http://careerstart.co.jp/,営業 / 販売・フード・アミューズメント / ITエンジニア,登録なし
株式会社キャリアデザインセンター,〒107-0052 東京都港区赤坂 3-21-20 赤坂ロングビーチビル9F,1993年7月2日,登録なし,登録なし,平成13年10月1日,http://shoukai.type.jp/,ITエンジニア / 営業 / 企画・経営 / 管理・事務 / 販売・フード・アミューズメント / コンサルタント・金融・不動産専門職 / WEB・インターネット・ゲーム,関東
キャリア・デベロプメント・アソシエイツ株式会社,〒141-0032 東京都品川区大崎3−6−30　大崎紋新301,2005年7月1日,22名,登録なし,2005年,http://www.cdac.jp/,電気・電子・機械・半導体,登録なし
株式会社キャリアバンク,〒810-0001 福岡県福岡市中央区天神二丁目14番2号福岡証券ビル2F,平成10年7月9日,20名,登録なし,平成14年2月1日,http://www.c-bank.co.jp/index.htm,営業,登録なし
キャリアバンク株式会社,〒060-0005 北海道札幌市中央区北五条西5丁目7番地　 sapporo55　5階,昭和62年11月,15名,登録なし,昭和63年2月,http://www.career-bank.co.jp,営業 / 管理・事務 / 建築・土木,登録なし
株式会社キャリアヒューマン,〒980-0014 宮城県仙台市青葉区本町２丁目10-33 第２日本オフィスビル9Ｆ,２００４年１２月1日,1名,登録なし,２００５年３月,http://careerhuman.co.jp/,電気・電子・機械・半導体 / 営業 / 管理・事務 / ITエンジニア / 建築・土木,北海道・東北
株式会社キャリアプラス,〒310-0815 茨城県水戸市本町2丁目12-25,2005年11月25日,4名,登録なし,2007年10月1日,http://www.careerplus.co.jp,ITエンジニア / 営業 / 企画・経営 / 管理・事務 / 美容・ホテル・ブライダル・交通 / 医療・福祉 / コンサルタント・金融・不動産専門職 / クリエイティブ / WEB・インターネット・ゲーム / 電気・電子・機械・半導体 / 建築・土木 / 技能工・設備・倉庫・農林水産・他,関東
株式会社キャリアプロダクション,〒222-0033 神奈川県横浜市港北区新横浜2-15-10　YS新横浜ビル3F,2007年,登録なし,登録なし,2008年,http://www.capro.co.jp,営業 / 管理・事務 / クリエイティブ / 電気・電子・機械・半導体,北海道・東北 / 北信越 / 関東 / 関西 / 東海 / 中国・四国 / 九州
株式会社キャリッジ,〒530-0001 大阪府大阪市北区梅田2-5-4　千代田ビル西館6Ｆ,2013年4月1日,登録なし,登録なし,2013年,http://carriage-inc.com/,販売・フード・アミューズメント / クリエイティブ,関西
株式会社キャリネット,〒104-0031 東京都中央区京橋3-5-3 竹河岸ビル1階,1998年1月,2名,登録なし,1998年,http://www.careenet.co.jp,営業 / 企画・経営 / 管理・事務 / コンサルタント・金融・不動産専門職 / 建築・土木,関東
九州スタッフ株式会社,〒812-0011 福岡県福岡市博多区博多駅前3丁目2番1号日本生命博多駅前ビル7階,平成10年4月1日,5名,登録なし,平成13年8月1日,http://www.staff-q.co.jp/,管理・事務 / 営業 / 企画・経営 / 美容・ホテル・ブライダル・交通 / 医療・福祉 / 保育・教育・通訳 / コンサルタント・金融・不動産専門職 / クリエイティブ / WEB・インターネット・ゲーム / ITエンジニア / 電気・電子・機械・半導体 / 建築・土木 / 医薬・食品・化学・素材,九州 / 関東
株式会社求人情報ふくおか,〒810-0001 福岡県福岡市中央区天神３－１５－２４ 三天第一ビル８階,2007年2月5日,4名,登録なし,2012年,http://www.saiyou-fukuoka.jp/,建築・土木 / 営業 / 管理・事務 / クリエイティブ,九州
株式会社極東ブレイン,〒659-0067 兵庫県芦屋市茶屋之町2-21-303,1982年12月,5名,登録なし,2003年4月,http://www.fe-brain.com,登録なし,登録なし
株式会社近鉄コスモス,〒104-0061 東京都中央区銀座3-10-9　KEC銀座ビル 3階,1993年（平成5年）4月,登録なし,登録なし,平成13年1月,https://www.k-cosmos.co.jp/,営業 / 管理・事務,関東 / 関西 / 東海
株式会社キーカンパニー,〒102-0072 東京都千代田区飯田橋1-5-9　精文館ビル7階,2010年7月9日,登録なし,登録なし,2012年3月1日,http://www.keycompany.jp/,医療・福祉 / コンサルタント・金融・不動産専門職 / WEB・インターネット・ゲーム / ITエンジニア,登録なし
キー・ネットワーク株式会社（旧・ヴァンテージマネジメント株式会社）,〒104-0061 東京都中央区銀座1-15-6 KN銀座ビル3階,2012年11月12日,3名,登録なし,2015年1月1日,http://www.keynetwork.co.jp/,管理・事務 / 営業,登録なし
株式会社キーパーソン,〒650-0022 兵庫県神戸市中央区元町通5-4-3 元町アーバンライフ1115,2014年12月1日,3名,登録なし,2015年,http://www.key-person.co.jp/,登録なし,関西 / 東海
株式会社Keep in touch,〒107-0062 東京都港区南青山2-2-15 ウイン青山ビル740,2009年2月24日,登録なし,登録なし,平成21年6月1日,http://www.kitkit.jp/,企画・経営 / 営業 / クリエイティブ / WEB・インターネット・ゲーム,北海道・東北 / 北信越 / 関東 / 関西 / 東海 / 中国・四国 / 九州
株式会社ギークリー,〒150-0002 東京都渋谷区渋谷1-17-2 ヒューリック渋谷宮下公園ビル6F,2011年8月22日,15名,登録なし,2011年12月,http://www.geekly.co.jp,WEB・インターネット・ゲーム / 営業 / ITエンジニア,関東
株式会社クイック,〒107-0052 東京都港区赤坂2-11-7,1980 年 9月 19日,登録なし,登録なし,1997年,http://919.jp/,医療・福祉 / 電気・電子・機械・半導体 / 建築・土木,登録なし
クックビズ株式会社,〒530-0012 大阪府大阪市北区芝田2-7-18 オーエックス梅田ビル新館6階,2007年12月,登録なし,登録なし,平成20年03月01,http://cookbiz.jp/,登録なし,登録なし
株式会社クラス,〒541-0051 大阪府大阪市中央区備後町2丁目4-6森田ビル７F,2015年6月,3名,登録なし,2017年,https://kras.co.jp/,管理・事務 / 営業 / 企画・経営 / 保育・教育・通訳,関西
クラレテクノ株式会社,〒530-8611 大阪府大阪市北区角田町８−１　梅田阪急ビルオフィスタワー３９階,１９８１年４月,25名,登録なし,平成１９年６月１日,http://www.secourir.co.jp,医薬・食品・化学・素材,登録なし
株式会社クリアテック,〒101-0024 東京都千代田区神田和泉町1-6-1　インターナショナルビル7階,2009年10月,4名,登録なし,2010年1月,http://cleartec.jp/,電気・電子・機械・半導体 / コンサルタント・金融・不動産専門職 / 建築・土木,関東
株式会社クリエアナブキ,〒760-0026 香川県高松市磨屋町2番地8 あなぶきセントラルビル,1986年4月11日,8名,登録なし,2000年,https://www.ten-shoku.net/,電気・電子・機械・半導体 / 営業 / 企画・経営 / 管理・事務 / コンサルタント・金融・不動産専門職 / ITエンジニア / 建築・土木 / 医薬・食品・化学・素材,中国・四国 / 関東 / 関西 / 東海
株式会社クリーク・アンド・リバー社,〒102-0083 東京都千代田区麹町2-10-9　C&Rグループビル,1990年3月20日,登録なし,登録なし,1993年,http://www.cri.co.jp/,WEB・インターネット・ゲーム / クリエイティブ / ITエンジニア,関東 / 関西 / 東海
株式会社クロスインフィニティ・マネジメント,〒150-0043 東京都渋谷区道玄坂１-15-3プリメーラ道玄坂11階,2016年,登録なし,登録なし,平成29年3月,http://www.crossinfinity.com/,管理・事務 / 企画・経営,関東
株式会社クロップス・クルー（名古屋鉄道グループ）,〒460-0008 愛知県名古屋市中区栄3-7-9　新鏡栄ビル7F,2000年5月,3名,登録なし,2000年,https://tenshoku-cropscrew.jp/,管理・事務 / 営業 / 美容・ホテル・ブライダル・交通 / 技能工・設備・倉庫・農林水産・他,東海
株式会社グランコネクト,〒231-0006 神奈川県横浜市中区南仲通1-13-201,2016.1.6,登録なし,登録なし,2016,登録なし,営業 / 企画・経営 / 管理・事務 / コンサルタント・金融・不動産専門職 / 建築・土木 / 技能工・設備・倉庫・農林水産・他,関東 / 中国・四国
株式会社グローバルスタッフ,〒160-0007 東京都新宿区荒木町14　第五新菱ビルヂング3F,1998年2月23日,登録なし,登録なし,平成17年4月1日,http://www.globalstaff.co.jp/index.html,建築・土木,登録なし
株式会社グローバル・リサーチ,〒108-0014 東京都港区芝4-10-5,1990年7月18日,登録なし,登録なし,1991年1月1日,http://www.global-research.co.jp/,企画・経営 / 営業 / 管理・事務 / 販売・フード・アミューズメント / 医療・福祉 / コンサルタント・金融・不動産専門職 / ITエンジニア / 電気・電子・機械・半導体 / 建築・土木 / 医薬・食品・化学・素材,関東
株式会社グンゼオフィスサービス,〒541-0055 大阪府大阪市中央区船場中央2-3　船場センタービル6号館2F,1998年,登録なし,登録なし,平成25年2月1日,http://www.gunze.co.jp/office/,クリエイティブ / 医薬・食品・化学・素材,登録なし
株式会社ケアサービスヒューマンキャピタル,〒143-0016 東京都大田区大森北1-2-3　大森御幸ビル5階,2017年4月3日,2名,登録なし,2017年7月,http://www.care.co.jp/company/outline,企画・経営 / 管理・事務 / 医療・福祉,関東
KSKマーケティングコネクト株式会社,〒105-0004 東京都港区新橋4-24-11　中村ビル8階,平成25年9月5日,1名,登録なし,平成29年12月1日,http://www.ksk-mc.com/,コンサルタント・金融・不動産専門職 / 建築・土木 / 技能工・設備・倉庫・農林水産・他,関東
株式会社ケイキャリアパートナーズ,〒650-0038 兵庫県神戸市中央区西町35番地　三井神戸ビル6F,1989年11月10日,5名,登録なし,1998年,http://www.khi.co.jp/corp/kcp/index.html,電気・電子・機械・半導体 / 営業 / 管理・事務 / ITエンジニア / 建築・土木 / 技能工・設備・倉庫・農林水産・他,【国内】 関西 / 北海道・東北 / 北信越 / 関東 / 東海 / 中国・四国 / 九州 【海外】 中国 / その他アジア
株式会社経理サポートスタッフ,〒450-0002 愛知県名古屋市中村区名駅4丁目23番9号　ＭＡＲＵＷＡ名駅ビル4階,2003年5月8日,登録なし,登録なし,2003年,http://www.keiriss.com/,管理・事務 / コンサルタント・金融・不動産専門職,東海
ケイ.イー.シー.株式会社（KEC人材紹介センター）,〒530-0002 大阪府大阪市北区曽根崎新地2-6-12　小学館ビル9F,1974年2月,3名,登録なし,2002年5月,http://www.jinzai.kec.ne.jp/,管理・事務 / 医療・福祉 / ITエンジニア / 医薬・食品・化学・素材,【国内】 関西 / 北海道・東北 / 北信越 / 関東 / 東海 / 中国・四国 / 九州 【海外】 中国 / 韓国 / 香港 / シンガポール / その他アジア / アメリカ・カナダ / ヨーロッパ / その他海外
株式会社KCGキャリア,〒601-8407 京都府京都市南区西九条寺ノ前町6番地,2001年,登録なし,登録なし,2001年,http://www.kcgcareer.com/,営業 / 管理・事務 / ITエンジニア / 電気・電子・機械・半導体 / 医薬・食品・化学・素材,関東 / 関西
ケーズヒューマンキャピタル株式会社,〒150-0042 東京都渋谷区宇田川町2-1　渋谷ホームズ8階,2012年1月16日,登録なし,登録なし,2012年,http://www.kzcompany.jp,コンサルタント・金融・不動産専門職 / WEB・インターネット・ゲーム,登録なし
株式会社ゲネシス,〒150-0013 東京都渋谷区恵比寿4-11-8グランヌーノ302,2014年7月,1名,登録なし,2016年1月1日,http://genesis-cl.com/,WEB・インターネット・ゲーム / 企画・経営 / 管理・事務 / クリエイティブ / ITエンジニア,関東 / 関西
株式会社ゲン・マネジメント,〒550-0013 大阪府大阪市西区新町1-8-1　行成ビル5F,2004年12月16日,3名,登録なし,2008年5月1日,http://www.genmgt.co.jp/,管理・事務 / 営業 / 企画・経営,【国内】 関西 / 関東 / 東海 【海外】 中国 / 韓国
株式会社コア,〒150-0022 東京都渋谷区恵比寿南１-16-13エクセルT・Yビル4F,2010年12月1日,7名,登録なし,2010年12月,http://www.core-jp.com/,登録なし,登録なし
株式会社コアパーソン研究所,〒102-0073 東京都千代田区九段北1ー1ー7 カーサ九段 506,1995年10月,4名,登録なし,1996年4月1日,http://www.core-person.co.jp/index.html,登録なし,登録なし
コスモプラン,〒541-0046 大阪府大阪市中央区平野町3-1-7　日宝平野町セントラルビル4階,2005年10月1日,2名,登録なし,平成17年10月1日,http://www.cosmoplan.biz/index.html,建築・土木 / 医薬・食品・化学・素材,登録なし
株式会社コネクト・ホープ,〒330-0802 埼玉県さいたま市大宮区宮町2-25　イーストゲート大宮ビルB館7階,2016年8月2日,登録なし,登録なし,2017年3月1日,http://connect-hope.jp/,建築・土木,関東
株式会社コンフィア,〒102-0094 東京都千代田区紀尾井町3-31 クリエイト紀尾井町 1103,2001年4月,3名,登録なし,2005年12月1日,http://www.confiant.co.jp/,企画・経営 / 管理・事務 / コンサルタント・金融・不動産専門職 / WEB・インターネット・ゲーム / ITエンジニア / 電気・電子・機械・半導体 / 医薬・食品・化学・素材,登録なし
株式会社CONFECTER,〒150-0013 東京都渋谷区恵比寿2-32-10 ベラカーサ広尾803,2015年3月3日,登録なし,登録なし,2015年7月1日,https://www.confecter.co.jp/,営業 / 企画・経営 / 管理・事務 / 販売・フード・アミューズメント / 保育・教育・通訳 / WEB・インターネット・ゲーム,関東
サイエスト株式会社,〒107-0052 東京都港区赤坂2-17-69　赤坂フェニックスビル3F,2013年5月,8名,登録なし,2015年3月,https://cyestc.com/,企画・経営 / 営業 / 管理・事務 / 販売・フード・アミューズメント / コンサルタント・金融・不動産専門職 / クリエイティブ / ITエンジニア / 電気・電子・機械・半導体 / 建築・土木 / 医薬・食品・化学・素材 / 技能工・設備・倉庫・農林水産・他,関東
株式会社サウスラッチ,〒103-0013 東京都中央区日本橋人形町3-3-5　天翔日本橋人形町ビル8F,2017年,3名,登録なし,2017年,http://www.southlatch.com/,営業 / 企画・経営 / 管理・事務,北信越 / 関東 / 関西 / 東海 / 九州
株式会社サクシード,〒169-0075 東京都新宿区高田馬場一丁目4番15号 三井生命ビル 7F,2005年4月14日,7名,登録なし,2009年,http://www.benkyo.co.jp/,医療・福祉 / 保育・教育・通訳,登録なし
株式会社SACT,〒150-0002 東京都渋谷区渋谷3-18-7　窪島ビル8階,2015年9月,2名,登録なし,2015年12月,https://sactjp.com/,コンサルタント・金融・不動産専門職 / 管理・事務,関東
株式会社サンクスパートナーズ,〒541-0046 大阪府大阪市中央区平野町3-3-10　浅野ビル7階,2012年10月,12名,登録なし,2013年1月1日,http://www.thanks-partners.com,登録なし,登録なし
三信フェニックスホールディングス株式会社,〒108-0014 東京都港区芝5-29-18　ＮＢＣ三田ビル3Ｆ,1951年6月1日,3名,登録なし,2015年,www.sanshin-phoenix.co.jp,医薬・食品・化学・素材 / 営業 / 企画・経営 / 管理・事務 / ITエンジニア / 電気・電子・機械・半導体 / 建築・土木 / 技能工・設備・倉庫・農林水産・他,北海道・東北 / 関東 / 関西 / 東海 / 九州
株式会社サンステップ,〒564-0051 大阪府吹田市豊津町1番18号 エクラート江坂ビル411号室,2017年6月,登録なし,登録なし,2017年,http://sun-step.jp,営業 / 管理・事務,関西
サンライフ・クリエイション株式会社,〒103-0021 東京都中央区日本橋本石町4-6-7 日本橋日銀通りビル２階,昭和61年4月1日,登録なし,登録なし,平成12年8月1日,http://www.slc-mh.co.jp/,管理・事務 / コンサルタント・金融・不動産専門職 / 建築・土木,関東
三和建設コンサルタンツ株式会社,〒170-0005 東京都豊島区南大塚3-10-10 オーク南大塚ビル6階,1962年3月5日,4名,登録なし,2011年,http://www.sanwa-kc.co.jp/index.html,建築・土木,登録なし
株式会社シグナルエージェント,〒542-0086 大阪府大阪市中央区西心斎橋2-2-3 EDGE心斎橋5F,平成27年4月16日,4名,登録なし,2016年6月,http://www.signal-agent.com/,企画・経営 / 営業 / 管理・事務 / 販売・フード・アミューズメント / ITエンジニア,関西 / 関東
株式会社シグマスタッフ,〒141-0021 東京都品川区上大崎2-25-2 新目黒東急ビル6階,1983年2月,2名,登録なし,2003年9月1日,http://www.sigma-staff.co.jp/,管理・事務 / 営業 / 企画・経営 / 販売・フード・アミューズメント / 美容・ホテル・ブライダル・交通 / 医療・福祉 / 保育・教育・通訳 / コンサルタント・金融・不動産専門職 / クリエイティブ / 建築・土木 / 医薬・食品・化学・素材 / 技能工・設備・倉庫・農林水産・他,関東 / 北海道・東北 / 北信越 / 関西 / 東海 / 中国・四国 / 九州
シリコンスタジオ株式会社,〒150-0013 東京都渋谷区恵比寿1-21-3　NRビル1F～4F,2000年1月1日,6名,登録なし,2004年7月,http://www.siliconstudio.co.jp/,WEB・インターネット・ゲーム / 管理・事務,関東 / 関西 / 九州
株式会社シンフォニック・バリューズ,〒150-0002 東京都渋谷区渋谷3丁目1番8号 オーベル渋谷5階,2017年4月13日,1名,登録なし,2017年7月,https://symphonic-values.com/company/,コンサルタント・金融・不動産専門職 / 営業 / 管理・事務 / クリエイティブ / ITエンジニア / 建築・土木,関東
株式会社Symphoneed（旧：株式会社TYMコーポレーション）,〒101-0052 東京都千代田区神田小川町2丁目3-3 神田小川町SKYビル5F,2009年11月1日,13名,登録なし,2009年12月,http://www.symphoneed.co.jp/,営業 / 企画・経営 / クリエイティブ / WEB・インターネット・ゲーム,関東 / 関西 / 九州
株式会社CIN GROUP,〒150-0002 東京都渋谷区渋谷3-12-22 渋谷プレステージ5F,2012年7月,6名,登録なし,2014年,http://www.cin-group.com/,営業 / 管理・事務 / 販売・フード・アミューズメント / 美容・ホテル・ブライダル・交通 / 保育・教育・通訳 / クリエイティブ / WEB・インターネット・ゲーム,関東 / 関西
株式会社C&Rリーガル・エージェンシー社,〒102-0083 東京都千代田区麹町2-10-9　C&Rグループビル,2007年8月29日,登録なし,登録なし,平成19年11月01,https://legal-agent.jp/,管理・事務,関東 / 北海道・東北 / 北信越 / 関西 / 東海 / 中国・四国 / 九州
株式会社シーエス,〒222-0033 神奈川県横浜市港北区新横浜3-22-5　8F,2008年9月,2名,登録なし,2017年10月,https://q-s.work/,営業 / 企画・経営 / 管理・事務 / 電気・電子・機械・半導体,関東
合同会社CS企画,〒661-0983 兵庫県尼崎市口田中1丁目18-6　中村鶴翔ビルＶ1階,2015年9月,1名,登録なし,平成27年12月01,http://www.cskikaku.com/,営業 / 企画・経営 / 医療・福祉 / WEB・インターネット・ゲーム / ITエンジニア / 電気・電子・機械・半導体 / 建築・土木 / 医薬・食品・化学・素材,関西 / 北海道・東北 / 北信越 / 関東 / 東海 / 中国・四国 / 九州
株式会社シースタイル,〒103-0012 東京都中央区日本橋堀留町1－8－12　さくら堀留ビル8階,2004年1月,登録なし,登録なし,2017年10月,http://www.cstyle.co.jp/,コンサルタント・金融・不動産専門職 / 営業 / 管理・事務 / 建築・土木,関東
シーディエスアイ株式会社(CDS),〒150-0011 東京都渋谷区東3-14-20 ニューホライズンエビス,1998年4月28日,登録なし,登録なし,1998年,http://www.cds-consulting.com/j/,建築・土木 / 営業 / コンサルタント・金融・不動産専門職 / WEB・インターネット・ゲーム / ITエンジニア / 電気・電子・機械・半導体 / 医薬・食品・化学・素材,関東
株式会社 ジェイ エイ シー リクルートメント,〒101-0051 東京都千代田区神田神保町1-105　神保町三井ビルディング14階,1988年3月7日,650名,登録なし,1988年,http://www.jac-recruitment.jp/,営業 / 企画・経営 / 管理・事務 / コンサルタント・金融・不動産専門職 / クリエイティブ / WEB・インターネット・ゲーム / ITエンジニア / 電気・電子・機械・半導体 / 医薬・食品・化学・素材,関東 / 関西 / 東海 / 中国・四国
ジェイエス株式会社,〒980-0811 宮城県仙台市青葉区一番町2-5-5,2000年6月20日,登録なし,登録なし,2007年,http://www.js-biz.co.jp/,管理・事務 / 医療・福祉 / ITエンジニア / 医薬・食品・化学・素材,登録なし
JXキャリアサポート株式会社,〒100-0005 東京都千代田区丸の内三丁目4番2号（新日石ビルヂング6階）,1988年4月1日,登録なし,登録なし,1998年04月01,http://www.cs.jx-group.co.jp/,登録なし,登録なし
株式会社ジェイック (キャリアチェンジカレッジ),〒101-0051 東京都千代田区神田神保町1-101 神保町101ビル6F,1991年3月,2名,登録なし,2001年,http://www.jaic-g.com/,営業 / 企画・経営 / 管理・事務 / 販売・フード・アミューズメント / コンサルタント・金融・不動産専門職 / WEB・インターネット・ゲーム / ITエンジニア / 建築・土木,関東
ジャスネットコミュニケーションズ株式会社 関西支社,〒102-0083 東京都千代田区麹町　2丁目10番9号 C&Rグループビル1F,1996年8月,4名,登録なし,平成10年5月1日,http://career.jusnet.co.jp/kansai/,管理・事務 / 企画・経営 / コンサルタント・金融・不動産専門職,関西 / 関東 / 九州
ジャパンラーニング株式会社,〒103-0027 東京都中央区日本橋2-2-6 日本橋通り二丁目ビル6Ｆ,1996年6月1日,3名,登録なし,2010年4月1日,http://www.japan-learning.co.jp/,ITエンジニア,【国内】 関東 【海外】 その他アジア
株式会社juice up 〜20代、30代専門エージェント！〜,〒105-0004 東京都港区新橋3-11-8　オーイズミ新橋第２ビル801,2014年7月1日,6名,登録なし,2015年,https://juice-up.co.jp/,営業 / 企画・経営 / 管理・事務 / 医療・福祉 / コンサルタント・金融・不動産専門職 / クリエイティブ / WEB・インターネット・ゲーム / ITエンジニア / 電気・電子・機械・半導体,関東 / 関西
JOB転職エージェント（株式会社アルバイトタイムス）,〒101-0043 東京都千代田区神田富山町5-1 神田ビジネスキューブ 7F・8F（総合受付8F）,1973年10月29日,15名,登録なし,平成21年06月,登録なし,営業 / 企画・経営 / 管理・事務 / 販売・フード・アミューズメント / 美容・ホテル・ブライダル・交通 / 技能工・設備・倉庫・農林水産・他,関東
株式会社ジョブ・ライフサポート,〒540-0026 大阪府大阪市中央区内本町2-1-19 内本町松屋ビル10-1002,平成22年1月,2名,登録なし,2014年7月1日,http://www.jl-support.com/defaultTop.asp,管理・事務 / 建築・土木,登録なし
株式会社ジョブワールド,〒542-0066 大阪府大阪市中央区瓦屋町3-7-3　イースマイルビル4階,2017年5月1日,4名,登録なし,2017年7月,http://www.job-world.jp/,登録なし,登録なし
人材アシスト株式会社,〒541-0041 大阪府大阪市中央区北浜2-1-21　北浜ゲイトビル 6F,2004年3月25日,3名,登録なし,平成16年6月1日,http://www.sr-jinzai.co.jp/,営業 / 企画・経営 / 管理・事務 / 美容・ホテル・ブライダル・交通 / 建築・土木 / 医薬・食品・化学・素材,関西
株式会社人材情報センター,〒920-0024 石川県金沢市西念1-1-3,1985年9月,15名,登録なし,2000年,http://www.jjc-net.co.jp/company/index.html,電気・電子・機械・半導体,北信越
株式会社人材テラス,〒541-0054 大阪府大阪市中央区南本町2-2-5　イケマンビル8階,2017年,9名,登録なし,2017年,https://jinzai-terrace.com/,コンサルタント・金融・不動産専門職 / 営業,関西
株式会社ジンザイリンク,〒577-0054 大阪府東大阪市高井田元町2-8-1　永和ビル2F,2015年６月,登録なし,登録なし,2015年,https://jinzai-link.co.jp/,営業 / 管理・事務 / 美容・ホテル・ブライダル・交通 / ITエンジニア / 電気・電子・機械・半導体 / 建築・土木,北海道・東北 / 北信越 / 関東 / 関西 / 東海 / 中国・四国 / 九州
株式会社ジンジブ（人と未来グループ）,〒105-0012 東京都港区芝大門2-3-1 常泉ビル4F  tel：03-5777-2679 fax：03-5777-2689,2014年2月,登録なし,登録なし,2014年6月,登録なし,保育・教育・通訳 / 営業 / 企画・経営 / 管理・事務 / 販売・フード・アミューズメント / 医療・福祉 / コンサルタント・金融・不動産専門職 / クリエイティブ / WEB・インターネット・ゲーム,関東 / 関西 / 九州
株式会社スイッチカンパニー,〒790-0065 愛媛県松山市宮西1丁目8-12　宮西ビル2階,2013年11月22日,3名,登録なし,平成26年7月1日,http://www.switch-net.co.jp/,営業 / ITエンジニア / 電気・電子・機械・半導体,中国・四国
株式会社Skill Matching フードパートナーズ事業部,〒541-0056 大阪府大阪市中央区久太郎町4-2-12 本町TDビル8階,2017年3月,2名,登録なし,平成29年6月1日,http://foodpartners.jp/lp/,販売・フード・アミューズメント,関西
star arts株式会社,〒102-0083 東京都千代田区麹町4-8-1 クリスタルシティ西館 THE MOCK-UP TOKYO 213,2012年4月,5名,登録なし,平成29年4月1日,http://stararts.co.jp/,営業 / 企画・経営 / 管理・事務 / 美容・ホテル・ブライダル・交通 / 医療・福祉 / コンサルタント・金融・不動産専門職 / クリエイティブ / WEB・インターネット・ゲーム / ITエンジニア,北海道・東北 / 北信越 / 関東 / 関西 / 東海 / 中国・四国 / 九州
株式会社スターリーグ,〒150-0032 東京都渋谷区鶯谷町15－9　カザマビル401,2016年3月,登録なし,登録なし,2016年8月,https://star.careers/company/,営業 / 企画・経営 / 管理・事務 / コンサルタント・金融・不動産専門職 / WEB・インターネット・ゲーム,関東 / 関西 / 九州
株式会社SPACIVAL,〒101-0032 東京都千代田区岩本町3-3-3 秋葉原サザンビル6階,2017年10月5日,3名,登録なし,2018年2月1日,http://spacival.com/index.html,営業 / 企画・経営 / 管理・事務 / 販売・フード・アミューズメント / 医療・福祉 / コンサルタント・金融・不動産専門職 / WEB・インターネット・ゲーム / ITエンジニア / 電気・電子・機械・半導体,関東
Spring転職エージェント（アデコ株式会社）,〒107-0062 東京都港区南青山1-15-9,1985年7月29日,登録なし,登録なし,2000年11月,http://www.springjapan.com/,営業 / 企画・経営 / 管理・事務 / コンサルタント・金融・不動産専門職 / WEB・インターネット・ゲーム / ITエンジニア / 電気・電子・機械・半導体 / 医薬・食品・化学・素材,関東 / 関西 / 東海
Spotted Recruit（株式会社SPOTTED）,〒103-0026 東京都中央区日本橋兜町5-1　兜町第一平和ビル3階,2017年4月,登録なし,登録なし,2017年8月,http://spottedrecruit.com/,営業 / 管理・事務 / クリエイティブ / WEB・インターネット・ゲーム / ITエンジニア,関東
株式会社スポーツフィールド,〒162-0845 東京都新宿区市谷本村町3-29　FORECAST市ヶ谷4F,2009年,23名,登録なし,2009年,http://www.sports-f.co.jp/,営業 / 企画・経営 / 保育・教育・通訳 / クリエイティブ / 建築・土木,北海道・東北 / 関東 / 関西 / 東海 / 九州
株式会社3Backs,〒151-0051 東京都渋谷区千駄ヶ谷2-9-6 バルビゾン3番館 B1,2009年11月26日,3名,登録なし,平成29年8月1日,http://www.3backs.com/,営業 / 企画・経営 / 管理・事務 / ITエンジニア,登録なし
株式会社スリールアーク,〒141-0032 東京都品川区大崎5-1-5 高徳ビル4階,2016年7月1日,登録なし,登録なし,2017年7月1日,http://www.sourirearc.jp/,販売・フード・アミューズメント,関東
株式会社セゾンパーソナルプラス,〒170-0013 東京都豊島区東池袋1-33-8 NBF池袋タワー6階,2002年11月1日,登録なし,登録なし,2005年8月1日,http://www.saison-psp.co.jp/,営業 / 管理・事務,関東
戦力エージェント株式会社,〒160-0022 東京都新宿区新宿1-4-11　御苑一丁目ビル 8F,平成9年10月,5名,登録なし,平成14年4月,http://www.senage.co.jp/,営業 / 企画・経営 / 管理・事務,登録なし
株式会社セールスキャリアエージェント,〒104-0045 東京都中央区築地2-12-6 SK東銀座ビル5階,2014年7月22日,10名,登録なし,2014年,http://www.sales-career-agent.co.jp/,営業,北海道・東北 / 北信越 / 関東 / 関西 / 東海 / 中国・四国 / 九州
株式会社ZENITH,〒466-0064 愛知県名古屋市昭和区鶴舞3丁目12-2,2017年1月27日,2名,登録なし,2017年5月1日,https://www.zenith-agent.co.jp,営業,東海
株式会社ゼネラルリンク,〒150-0002 東京都渋谷区渋谷2-12-9　エスティ青山ビルB1F、2F、3F（受付：3F）,2004年10月,5名,登録なし,平成28年10月01,https://general-link.co.jp/,営業 / 企画・経営 / 管理・事務 / コンサルタント・金融・不動産専門職 / WEB・インターネット・ゲーム / ITエンジニア / 電気・電子・機械・半導体 / 建築・土木 / 医薬・食品・化学・素材 / 技能工・設備・倉庫・農林水産・他,関東 / 北信越
株式会社ソシアリンク,〒160-0023 東京都新宿区西新宿1-8-1　新宿ビルディング6階,2002年9月,4名,登録なし,2002年,http://www.socialink.co.jp/,営業 / 企画・経営 / 管理・事務 / 販売・フード・アミューズメント / WEB・インターネット・ゲーム / 医薬・食品・化学・素材,北海道・東北 / 関東 / 関西 / 東海
株式会社ソルパック,〒106-0032 東京都港区六本木 4-1-4　黒崎ビル8階,1997年9月17日,4名,登録なし,2001/4/1,http://www.solpac.co.jp/,ITエンジニア,関東
大成交易株式会社,〒108-0023 東京都港区芝浦3丁目14番19号,昭和４３年４月２日,登録なし,登録なし,２０１７年１月,登録なし,営業,関東
株式会社宝木スタッフサービス,〒321-0953 栃木県宇都宮市東宿郷5-2-5,平成2年1月,登録なし,登録なし,平成10年6月,http://www.takaragi.co.jp/index.html,美容・ホテル・ブライダル・交通 / 営業 / 企画・経営 / 管理・事務 / 販売・フード・アミューズメント / 医療・福祉 / 電気・電子・機械・半導体 / 建築・土木 / 医薬・食品・化学・素材 / 技能工・設備・倉庫・農林水産・他,関東 / 北海道・東北 / 北信越 / 関西 / 東海
株式会社ＴＡＣプロフェッションバンク,〒101-0061 東京都千代田区三崎町3-2-14　ＴＣ水道橋ビル7Ｆ,２００１年５月,登録なし,登録なし,2001年,http://tacnavi.com/index.html,管理・事務 / コンサルタント・金融・不動産専門職,関西 / 関東 / 東海
株式会社ダイナリィ,〒802-0076 福岡県北九州市小倉北区中島1-17-13　ダイナリィコアビル1F,平成12年10月10日,2名,登録なし,平成14年12月,http://www.dynary.co.jp/,管理・事務 / 営業 / 企画・経営 / 医療・福祉 / 保育・教育・通訳 / WEB・インターネット・ゲーム / ITエンジニア / 電気・電子・機械・半導体 / 建築・土木 / 技能工・設備・倉庫・農林水産・他,九州
株式会社ダイネンヒューマンplus,〒670-0012 兵庫県姫路市本町240番地　大手前ダイネンBLD．5階,2006年2月,7名,登録なし,2006年,https://career.hari-match.com/,電気・電子・機械・半導体,関西
株式会社ダンネット,〒103-0012 東京都中央区日本橋堀留町1-5-7 YOUビル2階,2005年8月1日,14名,登録なし,2005年11月,http://www.dannet.jp/,管理・事務 / 電気・電子・機械・半導体 / 医薬・食品・化学・素材,その他海外
株式会社Change Value,〒151-0051 東京都渋谷区千駄ヶ谷五丁目26番5号2階,2015年11月,3名,登録なし,2016年,http://changevalue.jp/,営業 / 企画・経営 / 管理・事務 / ITエンジニア,関東
株式会社　ツクリベニッセ,〒173-0033 東京都板橋区大山西町45-3,1998年5月15日,2名,登録なし,2007年,http://www.tsukuribe-nisse.co.jp/index.html,営業,登録なし
株式会社テクニカルエージェント,〒482-0022 愛知県岩倉市栄町2-21　あすなろビル3階,2013年7月,1名,登録なし,平成26年04月01,http://technical-agent.jp/,電気・電子・機械・半導体 / ITエンジニア,東海
テクノインテリジェンスサービス株式会社,〒260-0028 千葉県千葉市中央区新町1000,1993年7月1日,6名,登録なし,2003年,http://tis-jinzai.com,管理・事務 / 電気・電子・機械・半導体 / 医薬・食品・化学・素材,登録なし
株式会社テクノプロ・コンストラクション（東証一部 テクノプロホールディングス グループ）,〒106-6135 東京都港区六本木6-10-1　六本木ヒルズ森タワー35F,2008年11月,13名,登録なし,2009年,http://www.technopro-construction.com/,建築・土木,北海道・東北 / 北信越 / 関東 / 関西 / 東海 / 中国・四国 / 九州
転職会議エージェント（株式会社リブセンス）,〒141-0021 東京都品川区上大崎2-25-2 新目黒東急ビル5F,2006年2月8日,14名,登録なし,平成25年8月1日,http://www.livesense.co.jp/,管理・事務 / 営業 / 企画・経営 / コンサルタント・金融・不動産専門職 / WEB・インターネット・ゲーム / ITエンジニア / 建築・土木,関東 / 関西 / 東海
テンプスタッフ・クリエイティブ株式会社,〒107-0061 東京都港区北青山3-5-14 青山鈴木硝子ビル4階,２００２年,登録なし,登録なし,２００２年８月,http://www.tempcreative.co.jp/,クリエイティブ / WEB・インターネット・ゲーム,関東
テンプスタッフフォーラム株式会社,〒950-0087 新潟県新潟市中央区東大通1-7-10 新潟セントラルビル6F,1988年4月23日,4名,登録なし,1999年2月1日,https://career.tempstaff-forum.co.jp/,管理・事務 / 営業 / 企画・経営 / 建築・土木,北信越 / 関東 / 中国・四国 / 九州
株式会社テンプ・マキノ,〒663-8113 兵庫県西宮市甲子園口2丁目28-20　林ビル3階,2006年11月,登録なし,登録なし,2007年,http://temp-makino.com/,電気・電子・機械・半導体 / 営業 / 企画・経営 / 管理・事務 / 医療・福祉 / ITエンジニア / 医薬・食品・化学・素材,関西 / 関東 / 東海
株式会社 ディーエスキャリア,〒105-0004 東京都港区新橋4-27-1　セントラルビル6F,2016年5月26日,2名,登録なし,2016年9月,http://ds-career.co.jp/,管理・事務 / 建築・土木,登録なし
東京事務代行株式会社,〒105-0012 東京都港区芝大門2-5-5　住友芝大門ビル4階,昭和40年9月,登録なし,登録なし,平成15年,https://tokyo-jimukyujin.com/corporate,企画・経営 / 管理・事務,関東
東レエンタープライズ株式会社,〒103-0023 東京都中央区日本橋本町1-5-9　ＫＤＸ日本橋本町ビル,１９７２年１月,登録なし,登録なし,１９８９年,http://www.toray-enter.co.jp/,クリエイティブ / 電気・電子・機械・半導体 / 医薬・食品・化学・素材,【国内】 関東 / 関西 【海外】 中国 / その他アジア
東レエンタープライズ株式会社　人材サービス部,〒103-0023 東京都中央区日本橋本町1-5-9　ＫＤＸ日本橋本町ビル,１９７２年１月,登録なし,登録なし,１９８９年,http://www.toray-enter.co.jp/,営業 / 管理・事務 / 医療・福祉,関東 / 関西 / 東海
株式会社都市整備技術研究所（転職・キャリアメンター）,〒105-0022 東京都港区海岸1-2-3　汐留芝離宮ビルディング21F,平成2年6月4日,登録なし,登録なし,平成27年11月1日,http://www.tcareer-mentor.jp/,管理・事務 / 営業 / 企画・経営 / 販売・フード・アミューズメント / 美容・ホテル・ブライダル・交通 / コンサルタント・金融・不動産専門職 / ITエンジニア / 電気・電子・機械・半導体 / 建築・土木 / 技能工・設備・倉庫・農林水産・他,【国内】 関東 / 北海道・東北 / 北信越 / 関西 / 東海 / 中国・四国 / 九州 【海外】 シンガポール / その他アジア / アメリカ・カナダ
株式会社Tryfunds,〒105-0003 東京都港区西新橋3丁目24番10号 ハリファックス御成門ビル3階,2012年9月,登録なし,登録なし,平成27年7月1日,http://www.tryfunds.co.jp/,企画・経営 / 営業 / 管理・事務 / コンサルタント・金融・不動産専門職 / クリエイティブ / WEB・インターネット・ゲーム / ITエンジニア / 電気・電子・機械・半導体,【国内】 中国・四国 / 関東 / 九州 【海外】 その他海外
株式会社トライブ,〒150-0044 東京都渋谷区円山町5-5　NAVI渋谷V5階,2006年5月23日,50名,登録なし,2008年,https://tribe.bz/contents/,WEB・インターネット・ゲーム / クリエイティブ / ITエンジニア,関東
株式会社トライポイント,〒540-0008 大阪府大阪市中央区大手前1-6-4 リップル天満橋ビル3F,2005年11月,2名,登録なし,平成21年2月,http://www.tripoint.co.jp/,建築・土木,登録なし
トラスト＆パッションカンパニー株式会社,〒113-0033 東京都文京区本郷3−2−6　クレスト山の上ビル　2階,2014/5/21,登録なし,登録なし,2014/8/1,http://www.t-and-p.co.jp/,登録なし,関東 / 関西 / 九州
株式会社トラスト・プラン,〒107-0052 東京都港区赤坂3丁目13-3 赤坂セントラルビル7F,2010年,登録なし,登録なし,平成28年08月,http://www.trustplan.jp/,営業 / 企画・経営 / 管理・事務 / 保育・教育・通訳 / ITエンジニア / 建築・土木,登録なし
トランク株式会社,〒150-0013 東京都渋谷区恵比寿 3-3-8 ラピツカキヌマ　3階,2009年10月1日,10名,登録なし,2012年7月,http://trunkc.jp/,営業 / 企画・経営 / 管理・事務 / クリエイティブ / WEB・インターネット・ゲーム,【国内】 関東 【海外】 その他海外
株式会社eee（トリプルイー）,〒541-0048 大阪府大阪市中央区瓦町3-3-16 OWL瓦町ビル701号室,2015年8月25日,2名,登録なし,2015年11月,http://eee-g.net/index.html,建築・土木,北海道・東北 / 北信越 / 関東 / 関西 / 東海 / 中国・四国
株式会社トレジャー・パーソンズ,〒162-0812 東京都新宿区西五軒町8-10臼井ビル５階,2016年4月15日,5名,登録なし,2016年８月,http://www.trep.jp,営業 / 企画・経営 / 管理・事務 / コンサルタント・金融・不動産専門職 / クリエイティブ / WEB・インターネット・ゲーム / ITエンジニア / 電気・電子・機械・半導体,関東 / 関西
株式会社トーテック,〒100-0006 東京都千代田区有楽町1-7-1 有楽町電気ビル北館6Ｆ,2003年 2月,14名,登録なし,2003年10月1日,http://www.totec-net.com/,電気・電子・機械・半導体 / 営業 / WEB・インターネット・ゲーム / ITエンジニア / 医薬・食品・化学・素材 / 技能工・設備・倉庫・農林水産・他,関東 / 関西 / 九州
株式会社ドルチェインターナショナル,〒107-0052 東京都港区赤坂６−３−１２,１９９９年１１月,23名,登録なし,２００２年１月,http://www.dolceintl.com/,電気・電子・機械・半導体 / 医療・福祉 / 管理・事務,登録なし
株式会社ナインサーチ,〒812-0013 福岡県福岡市博多区博多駅東1-10-4　ＭＡＳビル2階,2016年7月22日,2名,登録なし,2016年,www.ninesearch.co.jp,電気・電子・機械・半導体 / 営業 / 企画・経営 / 管理・事務 / コンサルタント・金融・不動産専門職,九州 / 中国・四国
有限会社ナカムラ電装,〒160-0023 東京都新宿区西新宿（次のビルを除く）7－7－27第一守徳ビル4階 JR　新宿駅　西口から徒歩10分 大江戸線　新宿西口　D５出口より、西新宿７丁目郵便局を過ぎ、新宿都税事務所の信号の先、守徳ビル４階です。,1987年,2名,登録なし,2017年5月,https://www.nakamura-den.com/,営業 / 企画・経営 / 医療・福祉 / 電気・電子・機械・半導体 / 建築・土木 / 医薬・食品・化学・素材 / 技能工・設備・倉庫・農林水産・他,関東 / 北海道・東北 / 北信越 / 関西 / 東海 / 中国・四国 / 九州
西日本エリートスタッフ株式会社,〒830-0017 福岡県久留米市日吉町15-60　ニッセイ久留米ビル9F,1987年10月,2名,登録なし,平成10年05月01,http://www.elite-staff.com/,登録なし,九州
日総工産株式会社,〒222-0033 神奈川県横浜市港北区新横浜1-4-1 日総工産新横浜ビル,1971年2月3日,6名,登録なし,2002年8月,http://www.nisso.co.jp/,電気・電子・機械・半導体 / 営業 / 企画・経営 / 管理・事務 / WEB・インターネット・ゲーム / ITエンジニア / 医薬・食品・化学・素材 / 技能工・設備・倉庫・農林水産・他,【国内】 関東 / 北海道・東北 / 北信越 / 関西 / 東海 / 中国・四国 / 九州 【海外】 中国 / その他アジア
日総ブレイン株式会社,〒230-0062 神奈川県横浜市神奈川区鶴屋町 2-23-2 TSプラザビルディング16F,1986年3月13日,4名,登録なし,平成12年8月,https://www.nsbrain.jp/,営業 / 企画・経営 / 管理・事務 / ITエンジニア / 電気・電子・機械・半導体 / 建築・土木 / 医薬・食品・化学・素材 / 技能工・設備・倉庫・農林水産・他,【国内】 北海道・東北 / 北信越 / 関東 / 関西 / 中国・四国 / 九州 【海外】 中国 / 韓国 / その他アジア
株式会社日本調理師協会,〒160-0022 東京都新宿区新宿1-36-2新宿第七葉山ビル3階,1978年（昭和53年）,登録なし,登録なし,昭和60年,http://www.chorishi.net/,販売・フード・アミューズメント,登録なし
株式会社日本テレビ人材センター,〒105-0021 東京都港区東新橋2-3-3 ルオーゴ汐留6階,1987年3月3日,4名,登録なし,平成17年11月1日,http://www.ntvpc.co.jp/,営業 / 管理・事務 / クリエイティブ / WEB・インターネット・ゲーム,関東
株式会社日本みらいケア,〒180-0004 東京都武蔵野市吉祥寺本町1-31-11 KSビル11階,2016年2月,3名,登録なし,2016年,http://miraicare.co.jp/,医療・福祉 / 営業 / 企画・経営 / 管理・事務 / コンサルタント・金融・不動産専門職,関東
株式会社ニューキャリア,〒105-0003 東京都港区西新橋1-11-3　虎ノ門アサヒビル5階,2003/7/17,5名,登録なし,2003年10月1日,http://www.newcareer.co.jp/,管理・事務 / 電気・電子・機械・半導体,登録なし
株式会社NEO STAFF（転職支援サービス NEO STAFF NEXT）,〒980-6126 宮城県仙台市青葉区1‐3‐1 AERビル29F,2005年7月11日,登録なし,登録なし,平成20年8月1日,http://neo-staff-next.jp/,営業 / 企画・経営 / 管理・事務 / 販売・フード・アミューズメント / WEB・インターネット・ゲーム / ITエンジニア / 建築・土木 / 医薬・食品・化学・素材 / 技能工・設備・倉庫・農林水産・他,北海道・東北
株式会社ネットセーブ,〒107-0052 東京都港区赤坂1-4-1 赤坂KSビル4階,2000年11月1日,登録なし,登録なし,平成17年10月,登録なし,建築・土木 / 技能工・設備・倉庫・農林水産・他,その他アジア
株式会社ノース,〒221-0835 神奈川県横浜市神奈川区鶴屋町2-22-3 伊藤ビル5F,2004年3月,2名,登録なし,2010年,https://north-h.jp/,営業 / 販売・フード・アミューズメント / ITエンジニア,北海道・東北 / 北信越 / 関東 / 関西 / 東海 / 中国・四国 / 九州
八洋企画株式会社,〒810-0071 福岡県福岡市中央区那の津3-7-7,昭和49年08月,登録なし,登録なし,2017年4月,登録なし,営業 / 管理・事務 / 販売・フード・アミューズメント,九州 / 関東 / 関西
株式会社ハッピー・マーク,〒550-0014 大阪府大阪市西区北堀江1-1-7　四ツ橋日生ビル本館8F,2011年11月,登録なし,登録なし,2012年3月1日,http://www.happy-mark.co.jp/,保育・教育・通訳 / 営業 / 企画・経営 / 管理・事務,関西 / 関東
パナソニック エクセルスタッフ株式会社,〒540-6102 大阪府大阪市中央区城見2-1-61　TWIN21MIDタワー2階,1989年3月,9名,登録なし,1989年,https://tensyoku-excel.panasonic.co.jp/,営業,登録なし
株式会社パーソネル,〒460-0003 愛知県名古屋市中区錦三丁目23番18号　ニューサカエビル7F,1997年9月19日,5名,登録なし,1997年,http://www.perso.co.jp,登録なし,登録なし
バレットグループ株式会社,〒160-0022 東京都新宿区新宿5-18-14　新宿北西ビル10F,2013年,1名,登録なし,2013年,https://bltinc.co.jp/,医療・福祉 / ITエンジニア,関東
株式会社バンステーション,〒530-0005 大阪府大阪市北区中之島4-2-28　甲南アセット中之島,1992年,登録なし,登録なし,1992年,http://www.vanstation.com,企画・経営 / 営業 / 管理・事務 / 医療・福祉 / コンサルタント・金融・不動産専門職 / クリエイティブ / WEB・インターネット・ゲーム / ITエンジニア / 電気・電子・機械・半導体 / 建築・土木 / 医薬・食品・化学・素材 / 技能工・設備・倉庫・農林水産・他,【国内】 関西 / 東海 / 中国・四国 【海外】 その他アジア
株式会社パコム,〒541-0048 大阪府大阪市中央区瓦町4丁目3-7　OSJ御堂筋瓦町ビル2階,1995年8月,3名,登録なし,2004年,http://www.pacom.co.jp/,営業 / 管理・事務 / 販売・フード・アミューズメント / WEB・インターネット・ゲーム,登録なし
株式会社パシフィックキャリアデザイン,〒461-0001 愛知県名古屋市東区泉一丁目23番37号　パシフィックビルディング6階,2016年12月,5名,登録なし,2017年3月,https://p-cd.co.jp,営業 / 医療・福祉 / 保育・教育・通訳 / 電気・電子・機械・半導体 / 技能工・設備・倉庫・農林水産・他,東海
株式会社パソナ　パソナキャリアカンパニー,〒100-8228 東京都千代田区大手町2-6-2　パソナグループ本部ビル『Job-Hubスクエア』7階,１９８８年４月１４日,150名,登録なし,２０００年,http://www.pasonacareer.jp/,管理・事務 / 営業 / 企画・経営 / 医療・福祉 / コンサルタント・金融・不動産専門職 / WEB・インターネット・ゲーム / ITエンジニア / 電気・電子・機械・半導体 / 建築・土木 / 医薬・食品・化学・素材,関東 / 関西 / 東海
株式会社パソナ　パソナカンパニー　グローバル事業本部,〒100-8228 東京都千代田区大手町2-6-2　JOB HUB SQUARE,1988年4月14日,登録なし,登録なし,平成12年8月1日,http://www.pasona-global.com,営業 / 企画・経営 / 管理・事務 / コンサルタント・金融・不動産専門職 / クリエイティブ / WEB・インターネット・ゲーム / ITエンジニア / 電気・電子・機械・半導体 / 建築・土木 / 医薬・食品・化学・素材,【国内】 関東 / 関西 【海外】 その他アジア / 中国 / 香港 / シンガポール / メキシコ・ブラジル / ヨーロッパ / その他海外
株式会社パソナヒューマンソリューションズ,〒105-0001 東京都港区虎ノ門1-16-16 虎ノ門１丁目ＭＧビルディング　６Ｆ／７Ｆ,昭和60年4月26日,4名,登録なし,平成9年11月,https://www.pasona-hs.co.jp,ITエンジニア / 営業 / 企画・経営 / 管理・事務 / WEB・インターネット・ゲーム / 建築・土木 / 技能工・設備・倉庫・農林水産・他,関東 / 北海道・東北 / 北信越 / 関西 / 東海 / 中国・四国 / 九州
株式会社パック・エックス,〒105-0021 東京都港区東新橋2-4-1　サンマリーノ汐留6Ｆ,1994年2月,登録なし,登録なし,2014年10月,https://www.pac-ex.com/,営業 / 企画・経営 / 管理・事務 / 販売・フード・アミューズメント / コンサルタント・金融・不動産専門職 / クリエイティブ / WEB・インターネット・ゲーム,北海道・東北 / 北信越 / 関東 / 関西 / 東海 / 中国・四国 / 九州
パナキャリア株式会社,〒273-0101 千葉県鎌ケ谷市富岡3-4-21,2014年11月,登録なし,登録なし,2015年2月,http://www.panacareer.jp,建築・土木 / 販売・フード・アミューズメント / 医薬・食品・化学・素材,北海道・東北 / 北信越 / 関東 / 関西 / 東海 / 中国・四国 / 九州
株式会社パレッツ,〒810-0001 福岡県福岡市中央区天神3丁目3番5号　天神大産ビル3Ｆ,平成14年10月1日,登録なし,登録なし,平成18年1月1日,http://www.pallets.co.jp,ITエンジニア / 営業,九州
パーソルテンプスタッフ株式会社（キャリアプロモーションセンター）,〒100-0005 東京都渋谷区代々木2-1-1新宿マインズタワー,1973年(昭和48年)　5月,10名,登録なし,1999年,http://www.tempstaff.co.jp/,管理・事務 / 企画・経営,関東
パーソルテンプスタッフ株式会社,〒151-0053 東京都渋谷区東京都渋谷区代々木2-1-1 新宿マインズタワー,1973年(昭和48年)　5月,登録なし,登録なし,1999年,http://www.tempstaff.co.jp/,管理・事務 / 営業 / 企画・経営,関東
【京都エリアに特化した転職エージェント】　株式会社ヒトコト,〒604-8153 京都府京都市中京区烏丸通四条上ル笋町 688　第15長谷ビル5F,2006年6月30日,4名,登録なし,2007年,http://www.kotonokoto.jp/,電気・電子・機械・半導体 / 営業 / 企画・経営 / 管理・事務 / クリエイティブ / WEB・インターネット・ゲーム / ITエンジニア,関西
株式会社ヒューネル,〒169-0074 東京都新宿区北新宿1-5-2佐藤ビル3F,2006年9月,登録なし,登録なし,2013年,https://www.hunel.co.jp/,営業 / 企画・経営 / 管理・事務 / 販売・フード・アミューズメント,関東
株式会社ヒュープロ,〒211-0065 神奈川県川崎市中原区今井仲町,2015年11月19日,登録なし,登録なし,2016年,http://hupro.jp/samuraicareer/,管理・事務 / 企画・経営,関東 / 関西 / 九州
株式会社ヒューマリッジ,〒101-0051 東京都千代田区神田神保町2-23-4,2015年11月,3名,登録なし,平成29年1月,http://www.huemaridge.co.jp,営業 / 企画・経営 / 管理・事務 / 販売・フード・アミューズメント / 保育・教育・通訳 / コンサルタント・金融・不動産専門職 / クリエイティブ / WEB・インターネット・ゲーム,関東 / 北海道・東北 / 北信越 / 関西 / 東海 / 中国・四国 / 九州
株式会社ヒューマン・アセット・マネジメント,〒113-0033 東京都文京区本郷2-40-13　本郷コーポレイション1002号室,2016年4月,登録なし,登録なし,2016年8月,登録なし,管理・事務 / 営業 / 電気・電子・機械・半導体 / 医薬・食品・化学・素材,関東
株式会社ヒューマン・インベントリー,〒101-0052 東京都千代田区神田小川町1-1 神田室町ビル４階,平成13年10月1日（合併）,登録なし,登録なし,平成9年7月1日,http://www.human-in.co.jp/,営業 / 企画・経営 / 管理・事務 / 販売・フード・アミューズメント,関東 / 関西
株式会社ヒューマンスタイリング,〒107-0062 東京都港区南青山3-13-2　山川ビル3階,2010年9月,登録なし,登録なし,2016年4月,登録なし,営業 / 企画・経営 / 販売・フード・アミューズメント / 美容・ホテル・ブライダル・交通 / 医療・福祉 / ITエンジニア / 建築・土木 / 医薬・食品・化学・素材,北海道・東北 / 北信越 / 関東 / 関西 / 東海
ヒューマンステージ株式会社,〒541-0053 大阪府大阪市中央区本町3-2-6　本町ドリームビル,1987年1月,46名,登録なし,平成11年,http://www.human.or.jp/,企画・経営 / 営業 / 管理・事務 / ITエンジニア / 電気・電子・機械・半導体,関西 / 関東 / 東海
ヒューマンタッチ株式会社　東京本社,〒160-0023 東京都新宿区西新宿7-5-25　西新宿木村屋ビル1F,2012年4月,75名,登録なし,2012年8月,http://human-touch.jp/career/,建築・土木 / 電気・電子・機械・半導体,関東 / 北海道・東北 / 北信越 / 関西 / 東海 / 中国・四国 / 九州
ヒューマンタッチ株式会社　大阪支社,〒542-0081 大阪府大阪市中央区南船場4-4-21　 りそな船場ビル7階,平成24年8月1日,75名,登録なし,2012年8月,https://human-touch.jp/,電気・電子・機械・半導体 / 建築・土木,関西 / 北海道・東北 / 北信越 / 関東 / 東海 / 中国・四国 / 九州
株式会社ヒューマン・ハーバー,〒171-0022 東京都豊島区南池袋2-30-8　友泉南池袋ビル7F,1989年5月,2名,登録なし,2000年8月,http://www.human-harbor.co.jp/,コンサルタント・金融・不動産専門職 / 営業 / 企画・経営 / 管理・事務 / クリエイティブ / 建築・土木 / 技能工・設備・倉庫・農林水産・他,関東
ヒューマンリソシア株式会社,〒160-0023 東京都新宿区西新宿7-5-25 西新宿木村屋ビル 1Ｆ,1988年2月,登録なし,登録なし,1989年5月,https://resocia.jp/career/,営業 / 企画・経営 / 管理・事務,登録なし
株式会社ヒルストンキャリア,〒101-0045 東京都千代田区神田鍛冶町3-3-9 喜助新千代田ビル4F,2014年11月4日,14名,登録なし,2015年1月1日,http://www.hillstonecareer.com,管理・事務 / 営業 / 企画・経営 / 販売・フード・アミューズメント / 美容・ホテル・ブライダル・交通 / 医療・福祉 / 保育・教育・通訳 / コンサルタント・金融・不動産専門職 / クリエイティブ / WEB・インターネット・ゲーム / ITエンジニア / 電気・電子・機械・半導体 / 建築・土木 / 医薬・食品・化学・素材 / 技能工・設備・倉庫・農林水産・他 / 公共サービス,北海道・東北 / 北信越 / 関東 / 関西 / 東海 / 中国・四国 / 九州
ヒロテクノス株式会社,〒231-0002 神奈川県横浜市中区海岸通４−２０−２ YT馬車道ビル,2006年8月,3名,登録なし,2012年10月,http://www.hiro-ts.co.jp,電気・電子・機械・半導体 / 営業 / 企画・経営 / 管理・事務 / ITエンジニア / 医薬・食品・化学・素材 / 技能工・設備・倉庫・農林水産・他,関東 / 北海道・東北 / 北信越 / 九州
ビジネス・コンサート株式会社,〒577-0011 大阪府東大阪市荒本北1丁目4-17　クリエイション・コア東大阪 北館307,1987年10月1日,5名,登録なし,2001年,http://www.b-concert.co.jp/,技能工・設備・倉庫・農林水産・他 / 営業 / 管理・事務 / 電気・電子・機械・半導体,関西
株式会社ビッグツリーテクノロジー＆コンサルティング,〒106-0041 東京都港区麻布台2-3-5　ノアビル3階,2002年2月7日,4名,登録なし,2009年8月1日,http://www.bigtreetc.com/,ITエンジニア / WEB・インターネット・ゲーム,関東
株式会社VIVAインテリジェンスネットワーク,〒170-0013 東京都豊島区東池袋3-21-18 第一笠原ビル5F,2017年3月,4名,登録なし,2017年7月1日,http://viva-in.co.jp/,営業 / 企画・経営 / 管理・事務 / 販売・フード・アミューズメント / 美容・ホテル・ブライダル・交通 / 医療・福祉 / 保育・教育・通訳,関東 / 北海道・東北 / 関西
株式会社ＢＳコーポレーション,〒532-0011 大阪府大阪市淀川区西中島3-12-15　第５新大阪ビル６Ｆ  東京事務所 〒156-0043 東京都世田谷区松原5-26-1　グランパーク３F,２０００年４月,5名,登録なし,２０００年８月,http://www.bs-corp.co.jp,営業 / 企画・経営 / 管理・事務 / コンサルタント・金融・不動産専門職 / ITエンジニア / 電気・電子・機械・半導体 / 建築・土木 / 医薬・食品・化学・素材 / 公共サービス,【国内】 関東 / 関西 / 東海 【海外】 中国 / シンガポール / その他アジア / アメリカ・カナダ / ヨーロッパ
BT社しごとナビ株式会社,〒164-0001 東京都中野区中野4-1-1　中野サンプラザ9Ｆ,2016年,5名,登録なし,201+稔,http://www.brain-t.biz/shigotonavi,営業 / 企画・経営 / 販売・フード・アミューズメント / WEB・インターネット・ゲーム / ITエンジニア / 電気・電子・機械・半導体 / 建築・土木 / 技能工・設備・倉庫・農林水産・他,北海道・東北 / 関東 / 関西 / 東海 / 中国・四国
株式会社ビーリンク,〒651-0094 兵庫県神戸市中央区琴ノ緒町5-7-8,平成25年11月25日,登録なし,登録なし,平成25年3月1日,https://bl-group.co.jp,営業 / 管理・事務 / 販売・フード・アミューズメント / 美容・ホテル・ブライダル・交通 / WEB・インターネット・ゲーム,関西
PMC株式会社,〒170-0013 東京都豊島区東池袋1-31-13-203,1990年2月1日,5名,登録なし,2016年,登録なし,営業 / 企画・経営,登録なし
ピースアンドライト・キャリア株式会社,〒102-0072 東京都千代田区飯田橋1-7-10 山京ビル本館5階,平成29年4月5日,登録なし,登録なし,2017年,https://peace-light.jp/,営業 / 企画・経営 / 管理・事務,登録なし
株式会社PW Solutions,〒100-0004 東京都千代田区大手町1-1-3　大手センタービル17F,2016年8月,2名,登録なし,2017年2月,https://pwgroup.co.jp/,販売・フード・アミューズメント,登録なし
PTSコンサルティング・ジャパン株式会社,〒108-0075 東京都港区港南2-12-23　明産高浜ビル6階,1997年10月16日,5名,登録なし,２００８年１０月,www.ptsconsulting.co.jp,登録なし,登録なし
株式会社ファイブスターコンサルタント,〒162-0845 東京都新宿区市谷本村町3番18号エムズビル4階,2014年,5名,登録なし,2014年,http://5starcon.co.jp,建築・土木 / 営業 / 企画・経営 / 管理・事務 / 販売・フード・アミューズメント / コンサルタント・金融・不動産専門職 / クリエイティブ / ITエンジニア / 電気・電子・機械・半導体,北海道・東北 / 北信越 / 関東 / 関西 / 東海 / 中国・四国 / 九州
株式会社FastForward,〒151-0051 東京都渋谷区千駄ヶ谷5−21−8代々木第十下田ビル5階,2017/3/30,登録なし,登録なし,2017/6/30,http://fastforward.co.jp,営業 / 企画・経営 / 管理・事務 / 美容・ホテル・ブライダル・交通 / クリエイティブ / WEB・インターネット・ゲーム / ITエンジニア / 医薬・食品・化学・素材,【国内】 関東 【海外】 その他アジア
株式会社ファンオブライフ,〒150-0001 東京都渋谷区神宮前6-19-16 U-natura301　渋谷駅より徒歩7分,2015年 6月17日,3名,登録なし,2015年9月,https://education-career.jp/,保育・教育・通訳 / 営業 / 企画・経営 / コンサルタント・金融・不動産専門職 / WEB・インターネット・ゲーム,関東 / 北海道・東北 / 北信越 / 関西 / 東海 / 中国・四国 / 九州
株式会社フィデス,〒102-0074 東京都千代田区九段南2-2-1　エース九段ビル3階,2012年,3名,登録なし,2013年1月1日,https://www.mri-fides.com/,営業 / 管理・事務 / 販売・フード・アミューズメント / 美容・ホテル・ブライダル・交通 / 医療・福祉 / WEB・インターネット・ゲーム / ITエンジニア / 電気・電子・機械・半導体,関東 / 関西 / 東海
フィナンシャル・アドバイザーズ株式会社,〒102-0072 東京都千代田区飯田橋2-6-6　ヒューリック飯田橋ビル６Ｆ,2002年 4月1日,5名,登録なし,2005年,http://www.financial-a.com,登録なし,登録なし
株式会社For needs,〒132-0025 東京都江戸川区松江4-4-1,2006年4月,登録なし,登録なし,2010年10月,http://www.for-needs.co.jp/,営業 / 企画・経営 / 管理・事務 / コンサルタント・金融・不動産専門職 / クリエイティブ / WEB・インターネット・ゲーム / ITエンジニア,関東
株式会社富士誇,〒150-0034 東京都渋谷区代官山町14-15　HARAPPA代官山3F,2007年1月,31名,登録なし,2007年5月1日,http://www.fujico.co.jp/,ITエンジニア / 営業 / 企画・経営 / 管理・事務 / コンサルタント・金融・不動産専門職 / WEB・インターネット・ゲーム / 電気・電子・機械・半導体 / 建築・土木 / 技能工・設備・倉庫・農林水産・他,関東 / 北海道・東北 / 北信越 / 関西 / 東海 / 中国・四国 / 九州
富士ヒューマンテック株式会社,〒330-0074 埼玉県さいたま市浦和区北浦和4-5-5　 北浦和大栄ビル3F,2002年9月1日,9名,登録なし,平成14年9月6日,http://www.fujihumantec.com/,営業 / 管理・事務,登録なし
株式会社フレアエージェント,〒060-0061 北海道札幌市中央区南一条西5丁目7豊川南一条ビル5F,平成26年3月,登録なし,登録なし,平成26年,http://www.hurea.co.jp/,営業 / 医療・福祉 / 販売・フード・アミューズメント,登録なし
株式会社プロエクス,〒160-0022 東京都新宿区新宿２丁目４−１　第２２宮廷マンション９０３,2006年7月13日,1名,登録なし,2006年10月,http://www.proex.jp,登録なし,登録なし
株式会社フロンティア,〒460-0003 愛知県名古屋市中区錦3-10-14　協和錦ビル4F,2003年,登録なし,登録なし,2006年,http://frontier.sc,営業 / 企画・経営 / 管理・事務 / 販売・フード・アミューズメント / クリエイティブ / ITエンジニア / 建築・土木 / 技能工・設備・倉庫・農林水産・他,東海
株式会社ブライナ,〒330-0854 埼玉県さいたま市大宮区桜木町1-9-18 タナカビル5F,2002年,2名,登録なし,2005年,登録なし,電気・電子・機械・半導体 / 医薬・食品・化学・素材,登録なし
株式会社ブリッジ・ワークス,〒214-0037 神奈川県川崎市多摩区西生田3丁目16-19-1,2009年8月3日,3名,登録なし,2009年,http://bridge-worx.com/,クリエイティブ / WEB・インターネット・ゲーム,関東
株式会社ブレーンパワー,〒530-0011 大阪府大阪市北区大深町3番1号　グランフロント大阪　ナレッジキャピタルタワーC11階,昭和61年6月,5名,登録なし,平成12年11月,www.brain-power.co.jp,電気・電子・機械・半導体 / 営業 / 企画・経営 / 管理・事務 / クリエイティブ / WEB・インターネット・ゲーム / ITエンジニア / 建築・土木 / 医薬・食品・化学・素材 / 技能工・設備・倉庫・農林水産・他,【国内】 関東 / 関西 【海外】 シンガポール / その他アジア
株式会社プラットイン,〒541-0053 大阪府大阪市中央区本町4-7-4本町グラマシー3F,2016年9月13日,2名,登録なし,2017年,http://www.platin.co.jp/,管理・事務 / 営業 / 販売・フード・アミューズメント / ITエンジニア / 建築・土木 / 医薬・食品・化学・素材,関西
株式会社プルミエール,〒101-0045 東京都千代田区神田鍛冶町3-3-9　共同ビル（新千代田）4階,2004年,登録なし,登録なし,2004年,http://www.prem-biz.com/index.htm,登録なし,登録なし
株式会社 プレコ,〒730-0044 広島県広島市中区宝町4-28大興ビル6F,平成9年7月1日,3名,登録なし,平成１４年,http://www.pureco.co.jp,管理・事務 / 電気・電子・機械・半導体,中国・四国
有限会社プレジール（アーク・キャリア）,〒273-0102 千葉県鎌ケ谷市右京塚9-27,2016年11月1日,登録なし,登録なし,2016年11月1日,登録なし,医療・福祉,登録なし
株式会社プレンティー東京本社,〒105-0013 東京都港区浜松町2-7-8　加藤ビル2階,2010年3月,3名,登録なし,2010年,http://www.plenty-tokyo.com/,美容・ホテル・ブライダル・交通 / 販売・フード・アミューズメント,関東
プレースメント株式会社,〒550-0002 大阪府大阪市西区江戸堀1-6-13　肥後橋堀田ビル2F,2001年4月,2名,登録なし,2010年4月1日,http://www.placement.co.jp,営業 / 管理・事務 / 電気・電子・機械・半導体 / 建築・土木,関西
株式会社プロフィールド,〒450-0002 愛知県名古屋市中村区名駅4-24-8　EME名古屋ビル2F,平成12年1月,14名,登録なし,15,http://www.profield.info/,クリエイティブ / WEB・インターネット・ゲーム / ITエンジニア / 電気・電子・機械・半導体 / 建築・土木 / 医薬・食品・化学・素材 / 技能工・設備・倉庫・農林水産・他,【国内】 北海道・東北 / 北信越 / 関西 / 東海 / 中国・四国 / 九州 【海外】 その他海外
株式会社ベストスタッフ,〒410-0822 静岡県沼津市下香貫藤井原1672-3　ハイツさんさん101,2012年8月1日,登録なし,登録なし,2012年11月,登録なし,営業 / 管理・事務 / 販売・フード・アミューズメント,東海 / 関東
株式会社ベルキャリエール,〒420-0859 静岡県静岡市葵区栄町１－３　鈴与静岡ビル５Ｆ,1980年4月10日,10名,登録なし,2001年3月,http://www.bellenet.co.jp/,管理・事務 / 営業 / 企画・経営 / 医療・福祉 / 保育・教育・通訳 / WEB・インターネット・ゲーム / ITエンジニア / 建築・土木,東海 / 関東 / 関西 / 九州
ベースメントアップス株式会社,〒150-0002 東京都渋谷区渋谷一丁目8番8号新栄宮益ビル４階,2014年,登録なし,登録なし,2016年5月,登録なし,WEB・インターネット・ゲーム / 営業 / 企画・経営 / 管理・事務 / コンサルタント・金融・不動産専門職 / ITエンジニア,登録なし
株式会社北海道アルバイト情報社　ジョブキタ人材サービス事業部,〒060-0061 北海道札幌市中央区南一条西6丁目20-1　ジョブキタビル2階,昭和46年4月12日,10名,登録なし,昭和46年4月12日,http://www.jobkita.jp/hrs/,営業 / 管理・事務 / 医療・福祉 / ITエンジニア,北海道・東北
株式会社Hold Hands,〒273-0005 千葉県船橋市本町6丁目4番15号　グラン大誠405,2016年12月,3名,登録なし,2017年5月,登録なし,営業 / 企画・経営 / 管理・事務 / 医療・福祉 / 医薬・食品・化学・素材,登録なし
株式会社マイナビ　（マイナビエージェント）,〒100-0003 東京都千代田区一ツ橋1番1号,1973年8月15日,登録なし,登録なし,2007年,http://mynavi-agent.jp/,営業 / 企画・経営 / 管理・事務 / 販売・フード・アミューズメント / コンサルタント・金融・不動産専門職 / クリエイティブ / WEB・インターネット・ゲーム / ITエンジニア / 電気・電子・機械・半導体 / 建築・土木 / 医薬・食品・化学・素材 / 技能工・設備・倉庫・農林水産・他,関東 / 関西 / 東海 / 中国・四国 / 九州
株式会社マイナビ　【マイナビHRコンシェルジュ】,〒100-0003 東京都千代田区一ツ橋１丁目１番1号,昭和48年8月15日,5000名,登録なし,2007年,http://www.mynavi.jp/,営業 / 企画・経営 / 管理・事務 / 販売・フード・アミューズメント / コンサルタント・金融・不動産専門職 / クリエイティブ / WEB・インターネット・ゲーム / ITエンジニア / 電気・電子・機械・半導体 / 建築・土木 / 医薬・食品・化学・素材,登録なし
【テスト画面】マイナビ転職エージェントサーチ,〒100-0003 東京都,*,登録なし,登録なし,*,登録なし,登録なし,登録なし
株式会社マイナビミドルシニア【マイナビミドルシニア　人材紹介サービス】,〒160-0022 東京都新宿区新宿４丁目１番６号　ＪＲ新宿ミライナタワー２７階,2017（平成29）年6月1日,6名,登録なし,2017年,http://m-s.mynavi.jp/jinzai/,美容・ホテル・ブライダル・交通 / 営業 / 企画・経営 / 管理・事務 / 販売・フード・アミューズメント / 建築・土木 / 技能工・設備・倉庫・農林水産・他,関東
株式会社マイナビワークス（マイナビジョブ20’s｜20代・第二新卒専門）,〒163-1527 東京都新宿区西新宿新宿エルタワー（２７階）,2016年12月1日,登録なし,登録なし,2016年,https://mynavi-job20s.jp/,営業 / 企画・経営 / 管理・事務 / コンサルタント・金融・不動産専門職 / WEB・インターネット・ゲーム / ITエンジニア,関東 / 関西 / 東海
株式会社マイナビワークス（マイナビクリエイター）,〒163-1527 東京都新宿区西新宿1-6-1 新宿エルタワー27F,2016年12月1日,登録なし,登録なし,2016年,https://creator.mynavi-agent.jp/,WEB・インターネット・ゲーム / 営業 / 企画・経営 / 管理・事務 / 美容・ホテル・ブライダル・交通 / クリエイティブ / ITエンジニア,関東
株式会社マイナビワークス（マイナビスタッフ）,〒163-1527 東京都新宿区西新宿1-6-1 新宿エルタワー27F,2016年12月1日,登録なし,登録なし,2016年,http://staff.mynavi.jp/,管理・事務 / 保育・教育・通訳 / クリエイティブ / 公共サービス,関東
株式会社マックス,〒113-0022 東京都文京区千駄木３−３３−４−１０２,１９９９年７月８日,5名,登録なし,平成１９年７月１日,http://max-kyujin.com/,営業 / 管理・事務 / 美容・ホテル・ブライダル・交通 / コンサルタント・金融・不動産専門職,登録なし
株式会社マックス・エンジニアリング,〒160-0022 東京都新宿区新宿1-9-10　YKB東ビル4階,2013年3月,4名,登録なし,2013年,http://www.macs-engineering.jp/,営業 / ITエンジニア / 建築・土木,【国内】 関東 【海外】 その他アジア
株式会社ＭＡＰ,〒150-0002 東京都渋谷区渋谷3-8-10 JS渋谷ビル7F,2007年5月1日,30名,登録なし,2007年,https://map-on.co.jp/,営業 / 企画・経営 / 管理・事務,関東 / 関西
株式会社マニューバー,〒182-0022 東京都調布市国領町2-5-15-606,2004 年 12月,登録なし,登録なし,2007年,http://www.maneuver.jp/,営業,登録なし
Man to Man 株式会社,〒460-0007 愛知県名古屋市中区新栄1丁目7番7号 名古屋センターステージ4F,1991年7月12日,登録なし,登録なし,2005年,http://www.man-to-man-g.com/index.html,登録なし,登録なし
マンパワーグループ株式会社,〒220-8136 神奈川県横浜市西区みなとみらい二丁目2-1　横浜ランドマークタワー36階,1966年 11月 30日,30名,登録なし,2000年,https://tenshoku.manpowergroup.jp,営業 / 企画・経営 / 管理・事務 / コンサルタント・金融・不動産専門職 / WEB・インターネット・ゲーム / 医薬・食品・化学・素材,関東 / 関西
マンパワーグループ株式会社エクスペリス事業本部,〒220-8136 神奈川県横浜市西区みなとみらい2-2-1　横浜ランドマークタワー36階,1966年11月30日,20名,登録なし,2000年,http://www.experis.jp/,登録なし,登録なし
株式会社マーキュリースタッフィング,〒530-0012 大阪府大阪市北区芝田2-1-18,平成15年4月1日,登録なし,登録なし,平成15年4月1日,http://www.msso.co.jp/,営業 / 管理・事務 / コンサルタント・金融・不動産専門職,登録なし
マークラインズ株式会社,〒107-0052 東京都港区赤坂8-4-14 青山タワープレイス2F,2001年1月4日,登録なし,登録なし,平成22年6月1日,https://www.marklines.com/portal_top_ja.html,電気・電子・機械・半導体 / 営業 / 企画・経営 / 管理・事務 / ITエンジニア,【国内】 関東 / 北信越 / 関西 / 東海 【海外】 中国 / 韓国 / メキシコ・ブラジル
三井業際ヒューマンアセット株式会社,〒107-0052 東京都港区赤坂 ３－１１－３ 赤坂中川ビル４階,2004年６月４日,登録なし,登録なし,２００４年９月１日,http://www.mitsui-human.co.jp/,登録なし,登録なし
株式会社ミナジンキャリア,〒583-0033 大阪府藤井寺市小山9丁目2-15,1976年,2名,登録なし,平成28年11月,http://www.minakyari.com/company/,営業 / 企画・経営 / 管理・事務 / 販売・フード・アミューズメント / ITエンジニア,関西
みらい人材サポート株式会社,〒460-0002 愛知県名古屋市中区丸の内3-14-32 丸の内三丁目ビル 9F,2014年11月,登録なし,登録なし,2015年5月,http://www.career-on.jp/,電気・電子・機械・半導体 / 管理・事務 / ITエンジニア / 医薬・食品・化学・素材,東海
株式会社未来想創サポート,〒151-0051 東京都渋谷区千駄ヶ谷1-31-10 セシア千駄ヶ谷3F,2015年4月,4名,登録なし,2015年8月1日,https://www.mirasapo.co.jp,建築・土木,【国内】 関東 / 北海道・東北 / 北信越 / 関西 / 東海 / 中国・四国 / 九州 【海外】 香港 / シンガポール
株式会社みらいデザイン,〒812-0013 福岡県福岡市博多区博多駅東1丁目1番33号　はかた近代ビル5階,2014年1月6日,登録なし,登録なし,2017年2月,http://www.mirai-sd.com/,登録なし,登録なし
Mutsubi Agent株式会社,〒770-0942 徳島県徳島市昭和町1-67,2012年6月,2名,登録なし,2012年,http://mutsubi-a.jp/itsuka/,登録なし,中国・四国
株式会社メイツ中国,〒730-0021 広島県広島市中区胡町4-21朝日生命広島胡町ビル2F,1989年６月,10名,登録なし,2000年,https://seisyain.mateschugoku.co.jp/,営業 / 管理・事務 / ITエンジニア / 電気・電子・機械・半導体 / 建築・土木,中国・四国
株式会社メイテックネクスト,〒110-0005 東京都台東区上野1-1-10　オリックス上野1丁目ビル　7階,2006年7月3日,39名,登録なし,2006年,http://www.m-next.jp/,電気・電子・機械・半導体,関東 / 関西 / 東海
株式会社MORIパーソネル・クリエイツ,〒541-0041 大阪府大阪市中央区北浜2丁目1番14号 北二ビル8F,1998年6月,9名,登録なし,平成18年09月01,http://www.moripc.com/index.html,登録なし,関西
やる気スイッチグループホールディングス,〒104-0032 東京都中央区八丁堀二丁目24-2 八丁堀第一生命ビル,平成元年11月,登録なし,登録なし,平成19年10月01,https://www.yarukiswitch.jp/,保育・教育・通訳 / 営業 / 企画・経営 / 管理・事務 / コンサルタント・金融・不動産専門職,関東 / 北海道・東北 / 北信越 / 関西 / 東海 / 中国・四国 / 九州
株式会社優クリエイト,〒150-0044 東京都渋谷区円山町28-3　いちご渋谷道玄坂ビル,1984年5月,18名,登録なし,2002年,http://www.y-create.co.jp/,クリエイティブ / WEB・インターネット・ゲーム,関東
郵船コーディアルサービス株式会社,〒101-0054 東京都千代田区神田錦町1-6　住友商事錦町ビル10階,1971年3月18日,登録なし,登録なし,1999年5月1日,http://www.ycsco.com/,営業 / 企画・経営 / 管理・事務 / ITエンジニア / 公共サービス,関東 / 関西
株式会社夢エージェント,〒150-0041 東京都渋谷区神南1-22-3 　渋谷住友信託ビル8F,2015年2月3日,9名,登録なし,2015年6月1日,http://www.yume-ag.co.jp/company/,建築・土木 / 営業 / 管理・事務 / 販売・フード・アミューズメント / 電気・電子・機械・半導体 / 技能工・設備・倉庫・農林水産・他,関東 / 関西 / 東海
ユーコネクト株式会社,〒810-0001 福岡県福岡市中央区天神１－６－８天神ツインビル８階,２００８年５月,3名,登録なし,２００８年,http://youcaree.com/,管理・事務 / 営業 / 企画・経営 / 医療・福祉 / コンサルタント・金融・不動産専門職 / WEB・インターネット・ゲーム / ITエンジニア / 電気・電子・機械・半導体 / 医薬・食品・化学・素材,九州
Ｒｉｇｈｔ　Ｓｔｕｆｆ株式会社,〒151-0063 東京都渋谷区富ヶ谷2-15-1-906,2015年11月,2名,登録なし,2016年4月,http://rightstuff.oops.jp/corporatesite.rightstufftekizaitekisyo.co.jp,営業 / 企画・経営 / 管理・事務 / コンサルタント・金融・不動産専門職 / クリエイティブ / ITエンジニア,関東 / 北海道・東北 / 北信越 / 関西 / 東海 / 中国・四国 / 九州
株式会社ライフライン,〒921-8013 石川県金沢市新神田2丁目14番21号,平成13年2月22日,登録なし,登録なし,平成18年8月1日,http://lifeline-lg.com,営業 / 管理・事務 / WEB・インターネット・ゲーム / ITエンジニア / 電気・電子・機械・半導体,北信越
ランスタッド株式会社,〒103-0027 東京都中央区日本橋3-6-2　日本橋フロント4階,1980年8月,登録なし,登録なし,2001年1月,https://www.randstad.co.jp/tenshoku/,営業 / 管理・事務 / 電気・電子・機械・半導体 / 医薬・食品・化学・素材,北海道・東北 / 北信越 / 関東 / 関西 / 東海 / 中国・四国 / 九州
リクルーティング・パートナーズ株式会社,〒810-0001 福岡県福岡市中央区天神2-3-25天神ZEROビル５F,2007年8月8日,6名,登録なし,2008年,http://www.3140pa.com/,管理・事務 / 営業 / 企画・経営 / 販売・フード・アミューズメント / コンサルタント・金融・不動産専門職 / クリエイティブ / WEB・インターネット・ゲーム / ITエンジニア / 電気・電子・機械・半導体 / 医薬・食品・化学・素材,九州
株式会社リグア,〒541-0047 大阪府大阪市中央区淡路町2丁目6-6淡路町パークビル2号館8F,2004年10月1日,登録なし,登録なし,平成29年10月01,http://ligua.jp/,医療・福祉,登録なし
リス株式会社　広島支社・岡山オフィス,〒163-0825 東京都新宿区西新宿新宿ＮＳビル（２５階）,1980年,15名,登録なし,17年,http://www.shigotonavi.co.jp,管理・事務 / 営業 / コンサルタント・金融・不動産専門職 / クリエイティブ / ITエンジニア / 建築・土木 / 医薬・食品・化学・素材,中国・四国
株式会社RETOWN≪飲食人キャリア≫,〒556-0017 大阪府大阪市浪速区湊町1-4-1　OCATビル6F,平成16年7月22日,9名,登録なし,平成18年7月,http://lp.insyokujin.careers/lp01/,販売・フード・アミューズメント,関東 / 関西 / 東海 / 九州
株式会社Ripple,〒104-0061 東京都中央区銀座2-12-5 銀座NFビル2F,2016年7月,3名,登録なし,2016年11月,http://ripple.jp/,営業 / 企画・経営 / 管理・事務 / 医療・福祉 / 保育・教育・通訳 / ITエンジニア / 建築・土木 / 医薬・食品・化学・素材 / 技能工・設備・倉庫・農林水産・他,関東
株式会社リトルタイガ－(ON YOUR MARK),〒108-0074 東京都港区高輪3-25-29 THE SITE-4,平成２２年３月２５日,5名,登録なし,平成２５年６月１日,http://www.littletiger.co.jp,登録なし,登録なし
株式会社re-Right,〒103-0023 東京都中央区日本橋本町４−１２−１１　日本橋NSビル３A,2016年6月,6名,登録なし,2016年6月,http://www.reright.co.jp,電気・電子・機械・半導体 / 営業 / 企画・経営 / 管理・事務 / WEB・インターネット・ゲーム / ITエンジニア / 医薬・食品・化学・素材,関東 / 関西 / 東海
LINK株式会社,〒542-0066 大阪府大阪市中央区瓦屋町3-7-13,2017年3月,登録なし,登録なし,2017年6月,http://link-jinzai.com/,営業 / 企画・経営 / 管理・事務 / 販売・フード・アミューズメント,関西
ルーセントドアーズ株式会社,〒105-0001 東京都港区虎ノ門2-5-5　ニュー虎ノ門ビル4階,2014年9月,登録なし,登録なし,2014年,http://lucentdoors.co.jp/,企画・経営 / 管理・事務 / コンサルタント・金融・不動産専門職,登録なし
株式会社ルーチェ,〒162-0067 東京都新宿区富久町16-5　新宿高砂ビル9階,2007年2月,4名,登録なし,2009年6月,http://www.luce.co.jp/,営業 / 企画・経営 / 管理・事務 / 販売・フード・アミューズメント / 美容・ホテル・ブライダル・交通 / コンサルタント・金融・不動産専門職 / クリエイティブ / WEB・インターネット・ゲーム / ITエンジニア,関東 / 九州
株式会社レゾナンス,〒160-0022 東京都新宿区東京都新宿区 新宿6丁目27−29 コンフォリア新宿イーストサイドタワー,2011年5月,4名,登録なし,2012年8月,http://resonanceinc.com/,登録なし,登録なし
レバテック株式会社,〒150-8510 東京都渋谷区渋谷2-21-1　渋谷ヒカリエ17階,2005年4月6日,登録なし,登録なし,2017年8月1日,https://levtech.jp/company/,ITエンジニア / クリエイティブ / WEB・インターネット・ゲーム,関東
株式会社ROMU,〒101-0052 東京都千代田区神田小川町3-22　タイメイビル5－B,2009年6月,登録なし,登録なし,平成26年12月01,登録なし,営業 / 企画・経営 / 管理・事務,登録なし
株式会社ワイズエージェンシー,〒104-0061 東京都中央区銀座7-12-6　田丸屋ビル4階,平成１３年８月１３日,4名,登録なし,平成２７年２月,http://www.wise-ag.com,管理・事務 / ITエンジニア / 電気・電子・機械・半導体,【国内】 関東 【海外】 中国
株式会社ワイズキャリアデザイン,〒367-0052 埼玉県本庄市寿1-25-13,昭和55年3月8日,登録なし,登録なし,平成28年8月1日,http://www.ys-humansupport.jp/,営業 / 管理・事務 / 販売・フード・アミューズメント / 医療・福祉 / 建築・土木,関東 / 関西
株式会社ワコールキャリアサービス,〒600-8492 京都府京都市下京区月鉾町62 住友生命京都ビル8F,1998年12月,登録なし,登録なし,2001年4月,http://www.e-wacs.co.jp/,クリエイティブ / 営業 / WEB・インターネット・ゲーム,関東 / 関西 / 東海
株式会社ワン＆オンリーキャスティング,〒151-0053 東京都渋谷区代々木2-13-4　新中央ビル4F,2008年6月16日,53名,登録なし,2008年,https://www.oneandonlycasting.com/,登録なし,登録なし
株式会社ワークデザイン,〒657-0038 兵庫県神戸市灘区深田町３－３－１　ERC六甲ビル４F,平成19年5月21日,5名,登録なし,平成19年,http://www.wkd.co.jp,管理・事務 / 営業 / ITエンジニア,登録なし
株式会社ワークポート,〒141-0032 東京都品川区大崎1-2-2　アートヴィレッジ大崎セントラルタワー9F,2003年3月,286名,登録なし,2003年8月,http://www.workport.co.jp/,WEB・インターネット・ゲーム / 営業 / 管理・事務 / 販売・フード・アミューズメント / クリエイティブ / ITエンジニア / 電気・電子・機械・半導体,関東 / 関西 / 九州
株式会社ワークリレーション,〒500-8383 岐阜県岐阜市江添2丁目8－17　山田商業ビル2階,2001年4月,2名,登録なし,2002年2月,http://www.work-re.com/,営業 / 企画・経営 / 管理・事務 / コンサルタント・金融・不動産専門職 / 電気・電子・機械・半導体 / 技能工・設備・倉庫・農林水産・他,東海
株式会社ヴィアックス,〒164-8677 東京都中野区弥生町2-8-15,1973年,3名,登録なし,2017年,http://www.viax.co.jp/,営業 / 企画・経営 / 管理・事務 / コンサルタント・金融・不動産専門職 / ITエンジニア,関東
株式会社ヴィクサス,〒141-0031 東京都品川区西五反田2-23-5　ジニアスビル2F,2009年8月,4名,登録なし,2009年8月,http://vixx.co.jp/,営業 / 企画・経営 / 管理・事務 / 販売・フード・アミューズメント / 医療・福祉 / 保育・教育・通訳 / ITエンジニア,関東 / 北海道・東北 / 北信越 / 関西 / 東海 / 中国・四国 / 九州
